0,0,0,0,0,0,0,0,0,0,0,0,0,0,0,0,0,0,0,0,0,0,0,0,0,0,0,0,0,0,0,0,0,0,0,0,0,0,0,0,0,0,0,0,0,0,0,0,0,0,0,0,0,0,0,0,0,0,0,0,0,0,0,0,0,0,0,0,0,0,0,0,0,0,0,0,0,0,0,0,0,0,0,0,0,0,0,0,0,0,0,0,0,0,0,0,0,0,0
0,-0.999798724658104,0,0,0,0,0,0,0,0,0,0,0,0,0,0,0,0,-0.101683579151333,0,-0.119061997967074,0,0,0,-0.103426336664677,-0.137683717187612,0,0,0.185342111959934,0.298967081542977,0,0,0,0,0,0,0.110988805460023,0,0.18897421124751,-0.226981044894499,-0.24357571999588,0.109486524817287,0,0,0.118249401066706,0,0,0,0.224158481166311,0,0,-0.220466538756883,0.123363348290425,-0.137963129311612,-0.283266007864397,0.154586016232771,0,-0.176404822216675,-0.154674319848057,0,0,0.337430502020945,0,0,0,0.173456570863841,0,-0.104948297558141,0.202019801838392,0,0.209644583711232,-0.319064508780306,0.175166716270011,0,0,0,0,-0.142414984123067,0.100794089011811,-0.191620608308238,-0.118602743895422,0,-0.146850380543699,0,-0.157456912692142,0,0,-0.692932788823603,-0.349311262441895,-0.237874180994482,0.202214147754148,0.24292641996209,0.120766479468733,0.16852819708442,-0.136557859328619,0,0,-0.274523181642234,0.114728055317945
0,0,1.0097192725089,0,0,0,0,0,0,0,0,0,0,0,0,0,0,0,0,0,0.11506739137488,0,0,0,0.101906376269692,0.135758207064193,0,0,-0.182142177906841,-0.29265410568516,0,0,0,0,0,0,-0.105474548260458,0,-0.18590315174803,0.220637068231366,0.235076564848483,-0.109172663562781,0,0,-0.112174482028224,0,0,0,-0.217019292708892,0,0,0.217348448810066,-0.120868951174361,0.136289323303591,0.275585005770463,-0.151308380497233,0,0.173224653012739,0.151807594035647,0,0,-0.329683231230555,0,0,0,-0.169751992090645,0,0.101583146143993,-0.19863954177548,0,-0.202104171877884,0.312517527730482,-0.171375260371758,0,0,0,0,0.138193180383104,-0.0993115136648367,0.187418815487229,0.117222818121925,0,0.142698208541168,0,0.155729353038299,0,0,0.676696884751649,0.342682055427592,0.232594780971257,-0.198182740161836,-0.240208237244071,-0.119365210449535,-0.163269129763752,0.13421274495613,0,0,0.270971719577643,-0.111147762304669
0,0,0,-1.00049273426757,0,0,0,0,0,0,0,0,0,0,0,0,0,0,0,0,0,0,0,0,0,0,0,0,0,0,0,0,0,0,0,0,0,0,0,0,0,0,0,0,0,0,0,0,0,0,0,0,0,0,0,0,0,0,0,0,0,0,0,0,0,0,0,0,0,0,0,0,0,0,0,0,0,0,0,0,0,0,0,0,0,0,0,0.116194302266066,0,0,0,0,0,0,0,0,0,0,0
0,0,0,0,-1.01515468247467,0,0,0,0,0,0,0,0,0,0,0,0,0,0.108566878225109,0,0.122045999234796,0,0,0,0.107770837238483,0.144176059680255,0,0,-0.192297205937495,-0.313517148817328,0,0,0,0,0,0,-0.116149620436493,0,-0.20075503790339,0.240407888470611,0.259279616225708,-0.117299395530071,0,0,-0.125163448152873,0,0,0,-0.232791079921736,0,0,0.235326968689789,-0.132569383823206,0.143263201577828,0.291601051855002,-0.157168966072382,0,0.187895534624215,0.161096291222424,0,0,-0.349870280010036,0,0,0,-0.173999622403795,0,0.106866338845065,-0.210990377914246,0,-0.223094768021585,0.333723594665281,-0.186307176173304,0,0,0,0,0.144172157179718,-0.103611274525424,0.198611677206511,0.123354275533045,0,0.150772296060063,0,0.16276174235258,0,0,0.727624388270683,0.359848944978422,0.248449753601474,-0.217247812495015,-0.249125861707375,-0.132777220318361,-0.180347838637647,0.148336265648668,0,0,0.283575601620918,-0.122925310588291
0,0,0,0,0,0.99436685136329,0,0,0,0,0,0,0,0,0,0,0,0,0,0,0,0,0,0,0,-0.106245501122681,0,0,0.129322321672554,0.229013097160969,0,0,0,0,0,0,0,0,0.146693526054509,-0.169686732624575,-0.185348937995243,0,0,0,0,0,0,0,0.169412514803434,0,0,-0.165537839395488,0,-0.110219249147188,-0.219361086276562,0.11836440221402,0,-0.132085168255465,-0.119568653689234,0,0,0.255508922144286,0,0,0,0.135552861304535,0,0,0.152367200621819,0,0.170753418608843,-0.24288392879195,0.137852666513193,0,0,0,0,-0.105748602709093,0,-0.150191430762907,0,0,-0.112095791647181,0,-0.116915107362785,0,0,-0.529334412018956,-0.26259931426212,-0.180534889261651,0.154871514779943,0.183880698088718,0,0.137824099075374,-0.106736509155978,0,0,-0.217387227610693,0
0,0,0,0,0,0,-1.00524313353256,0,0,0,0,0,0,0,0,0,0,0,0,0,0,0,0,0,0,0,0,0,0,0,0,0,0,0,0,0,0,0,0,0,0,0,0,0,0,0,0,0,0,0,0,0,0,0,0,0,0,0,0,0,0,0,0,0,0,0,0,0,0,0,0,0,0,0,0,0,0,0,0,0,0,0,0,0,0,0,0,-0.172192158953693,0,0,0,0,0,0,0,0,0,0,0
0,0,0,0,0,0,0,0.99672987125832,0,0,0,0,0,0,0,0,0,0,0,0,0,0,0,0,0,0.102709176670094,0,0,-0.140520226358952,-0.214022594055617,0,0,0,0,0,0,0,0,-0.144858357673983,0.161878718441485,0.171130833359057,0,0,0,0,0,0,0,-0.155080000418383,0,0,0.158428705879477,0,0.109634820963753,0.206987728395306,-0.113998931849226,0,0.126127806621617,0.111540660698264,0,0,-0.234485325170998,0,0,0,-0.124896167799812,0,0,-0.139474753894771,0,-0.150522865778068,0.219155722333975,-0.117267878940799,0,0,0,0,0.106300969649595,0,0.139954423777682,0,0,0.112063800068461,0,0.112329921840525,0,0,0.500950888266455,0.239173149591003,0.17751074846948,-0.142298082058381,-0.174200204760617,0,-0.109305487294204,0,0,0,0.206576264959114,0
0,0,0,0,0,0,0,0,0.9915499234155,0,0,0,0,0,0,0,0,0,0,0,0,0,0,0,0,0,0,0,-0.104677570231365,-0.187897493843046,0,0,0,0,0,0,0,0,-0.116575982225302,0.147695142265883,0.149447689060039,0,0,0,0,0,0,0,-0.14198608767833,0,0,0.126715895926162,0,0,0.176549395214154,0,0,0.10729291706665,0.10019562193955,0,0,-0.20539541010654,0,0,0,-0.114522575370547,0,0,-0.121632701956445,0,-0.126478395399799,0.184559178625594,-0.112572916546282,0,0,0,0,0,0,0.124049304818145,0,0,0,0,0,0,0,0.433007161281421,0.208009544541932,0.154029950762005,-0.129920634169288,-0.136459639563877,0,-0.105600705368716,0,0,0,0.157584536967381,0
0,0,0,0,0,0,0,0,0,1.00630791069921,0,0,0,0,0,0,0,0,0,0,0,0,0,0,0,0,0,0,0,0,0,0,0,0,0,0,0,0,0,0,0,0,0,0,0,0,0,0,0,0,0,0,0,0,0,0,0,0,0,0,0,0,0,0,0,0,0,0,0,0,0,0,0,0,0,0,0,0,0,0,0,0,0,0,0,0,0,-0.123701925976108,0,0,0,0,0,0,0,0,0,0,0
0,0,0,0,0,0,0,0,0,0,0.989952246317215,0,0,0,0,0,0,0,0,0,0,0,0,0,0,0,0,0,0,0,0,0,0,0,0,0,0,0,0,0,0.105325634374681,0,0,0,0,0,0,0,0,0,0,0,0,0,0.110274234957895,0,0,0,0,0,0,-0.124240129975414,0,0,0,0,0,0,0,0,0,0.129198447694652,0,0,0,0,0,0,0,0,0,0,0,0,0,0,0,0.253800064218774,0.148152619470655,0.105325689121668,0,-0.116253136403735,0,0,0,0,0,0.106306306084849,0
0,0,0,0,0,0,0,0,0,0,0,0.994203611445135,0,0,0,0,0,0,0,0,0,0,0,0,0,0,0,0,0,0,0,0,0,0,0,0,0,0,0,0,0,0,0,0,0,0,0,0,0,0,0,0,0,0,0,0,0,0,0,0,0,0,0,0,0,0,0,0,0,0,0,0,0,0,0,0,0,0,0,0,0,0,0,0,0,0,0,0,0,0,0,0,0,0,0,0,0,0,0
0,0,0,0,0,0,0,0,0,0,0,0,0.996212749687593,0,0,0,0,0,0,0,0,0,0,0,0,0,0,0,0,0,0,0,0,0,0,0,0,0,0,0,0,0,0,0,0,0,0,0,0,0,0,0,0,0,0,0,0,0,0,0,0,0,0,0,0,0,0,0,0,0,0,0,0,0,0,0,0,0,0,0,0,0,0,0,0,0,0,0.131221161650027,0,0,0,0,0,0,0,0,0,0,0
0,0,0,0,0,0,0,0,0,0,0,0,0,0.994284058568736,0,0,0,0,0,0,0,0,0,0,0,0,0,0,0,0,0,0,0,0,0,0,0,0,0,0,0,0,0,0,0,0,0,0,0,0,0,0,0,0,0,0,0,0,0,0,0,0,0,0,0,0,0,0,0,0,0,0,0,0,0,0,0,0,0,0,0,0,0,0,0,0,0,0,0,0,0,0,0,0,0,0,0,0,0
0,0,0,0,0,0,0,0,0,0,0,0,0,0,0.962168944922975,0.128511012614673,0,0,0,-0.107242411670146,0,0,0,0,0,0,0,0,0,0,0,0,0,0,0,0,0,0,0,0,0,0,0,0,0,0,0,0,0,0,0,0,0,0,0,0,0,0,0,0,0,0,0,0,0,0,0,0,0,0,0,0,0,0,0,0,0,0,0,0,0,0,0,0,0,0,0,0.130767872591197,0,0,0,0,0,0,0,0,0,0,0
0,0,0,0,0,0,0,0,0,0,0,0,0,0,-0.124330507872486,0.941760648818881,-0.242464147118566,0,0.124906937152163,0,0,0,0,0,0,0,0,0,0,0,0,0,0,0,0,0,0,0,0,0,0,0,0,0,0,0,0,0,0,0,0,0,0,0,0,0,0,0,0,0,0,0,0,0,0,0,0,0,0,0,0,0,0,0,0,0,0,0,0,0,0,0,0,0,0,0,0,0,0,0,0,0,0,0,0,0,0,0,0
0,0,0,0,0,0,0,0,0,0,0,0,0,0,0,0.245487803516443,0.924243481942968,0.247452459807156,0,0,0,0,0,0,0,0,0,0,0,0,0,0,0,0,0,0,0,0,0,0,0,0,0,0,0,0,0,0,0,0,0,0,0,0,0,0,0,0,0,0,0,0,0,0,0,0,0,0,0,0,0,0,0,0,0,0,0,0,0,0,0,0,0,0,0,0,0,0,0,0,0,0,0,0,0,0,0,0,0
0,0,0,0,0,0,0,0,0,0,0,0,0,0,0,0,-0.240348829043645,0.930293743632562,0,0,0.152118863033678,0,0,0,0,0,0,0,0,0,0,0,0,0,0,0,0,0,0,0,0,0,0,0,0,0,0,0,0,0,0,0,0,0,0,0,0,0,0,0,0,0,0,0,0,0,0,0,0,0,0,0,0,0,0,0,0,0,0,0,0,0,0,0,0,0,0,0,0,0,0,0,0,0,0,0,0,0,0
0,0,0,0,0,0,0,0,0,0,0,0,0,0,0,-0.137730684786904,0,0,0.881757758664019,0.157747360992616,0,0.115332731874598,0,-0.12937634494493,0,0,0,0,0,0.112531421957611,0,0,0,0,0,0,0,0,0,0,0,0,0,0,0,0,0,0,0,0,0,0,0,0,0,0,0,0,0,0,0,0,0,0,0,0,0,0,0,0,0,0,0,0,0,0,0,0,0,0,0,0,0,0,0,0,0,0,0,0,0,0,0,0,0,0,0,0,0
0,0,0,0,0,0,0,0,0,0,0,0,0,0,0,0,0,-0.144058228506898,-0.256436842251028,0.905707292164127,0,0.114604420051327,0,-0.153248589356641,0,0,0,0,0,0,0,0,0,0,0,0,0,0,0,0,0,0,0,0,0,0,0,0,0,0,0,0,0,0,0,0,0,0,0,0,0,0,0,0,0,0,0,0,0,0,0,0,0,0,0,0,0,0,0,0,0,0,0,0,0,0,0,0,0,0,0,0,0,0,0,0,0,0,0
0,0,0,0,0,0,0,0,0,0,0,0,0,0,0,0,0,-0.132213645690719,0,0,0.947515721485738,0,0,0.103516535292116,0,0,0,0,0,0,0,0,0,0,0,0,0,0,0,0,0,0,0,0,0,0,0,0,0,0,0,0,0,0,0,0,0,0,0,0,0,0,0,0,0,0,0,0,0,0,0,0,0,0,0,0,0,0,0,0,0,0,0,0,0,0,0,0,0,0,0,0,0,0,0,0,0,0,0
0,0,0,0,0,0,0,0,0,0,0,0,0,0,0,0,0,0,-0.111454369057628,-0.144851699690982,0,0.875523058043846,-0.272988329879435,0,0,0,0,0,0,0,0,0,0,0,0,0,0,0,0,0,0,0,0,0,0,0,0,0,0,0,0,0,0,0,0,0,0,0,0,0,0,0,0,0,0,0,0,0,0,0,0,0,0,0,0,0,0,0,0,0,0,0,0,0,0,0,0,0.13272306231224,0,0,0,0,0,0,0,0,0,0,0
0,0,0,0,0,0,0,0,0,0,0,0,0,0,0,0,0,0,0,0,0,-0.333804027344819,-0.79555760670447,-0.297924717629922,0,0,-0.123428693971264,0,0,0,0,0,0,0,-0.144586625973267,0,0,0,0,0,0,0,0,0,0,0,0,0,0,0,0,0,0,0,0,0,0,0,0,0,0,0,0,0,0,0,0,0,0.109855887698876,0,0,0,0,0,0,0,0,0,0,0,0,0,0,0,0,0,0,0,0,-0.102867087900375,0,0,0,0,0,0,0,0,0
0,0,0,0,0,0,0,0,0,0,0,0,0,0,0,0,0,0,0,-0.106194697974024,0,0,0.229786253653555,-0.647557509644441,0.545255281008518,0,0.263756078582788,0.139741047874989,0,-0.201551266861024,0,0,0,0,0,0,-0.121800585346839,0,-0.127295979977129,0.159861002936751,0.112780500888515,0,0,0,0,-0.119762782025525,0,0,-0.105382111790954,0,0,0.103486379088073,0,0,0.120985297093263,0,0,0,0,0,0,0,0,0,0,0,0,0,0,0,-0.118888300578514,0.137013735813654,0,0,0,0,0,0,0,0.107701858194896,0,0,0,0,0,0,0,0.268387408762324,0.178492946336932,0,0,-0.107239803234919,0,0,0,0,0,0,0
0,0,0,0,0,0,0,0,0,0,0,0,0,0,0,0,0,0,0,0,0,0,0,-0.350275945533198,-0.60884721232825,0.29542876529375,0.539814549811399,-0.193818972434806,0,0,0,0,0,0,0,-0.111901104070615,0,0,0,0,0,0,0,0,0,0,0,0,0,0,0,0,0,0,0,0,0,0,0,0,0,0,0,0,0,0,0,0,0,0,0,0,0,0,0,0,0,0,0,0,0,0,0,0,0,0,0,-0.124369208079389,0,0,0,0,0,0,0,0,0,0,0
0,0,0,0,0,0,0,0,0,0,0,0,0,0,0,0,0,0,0,0,0,0,-0.10182745955749,0,0.288884673412396,0.809636997394497,-0.270572844837093,0,-0.101965024304484,0.236020552979545,0,0,0,0.0996078302117837,0,0,0,0,0,0,0,0,0,0,0,0,0.11394325088781,0,0,0,0.12923823990206,0,0,0,0,0,0,0,0,0,0,0,0,0,0,0,0,0,0,0,0,0,0,0,0,0,0,0,0,0,0,0,0,0,0,0,0,0,0,0,0,0,0,0,0,0,0,0,0
0,0,0,0,0,0,0,0,0,0,0,0,0,0,0,0,0,0,0.109507360747776,0,0,0,0,-0.421913446954746,-0.263691517019781,-0.147184873056113,-0.557896399849489,0,-0.200694195395852,-0.117587635498787,0,0,-0.130303061470535,0,0.309383870199089,-0.211904787914277,0.208965404403449,0,0,0,0,0.149948192181573,0,0,0.128806704876752,0,0,0,0.142672564076612,0,0,0,0.12147060005703,-0.0990216336975317,-0.0990158684739648,0,0,0,0,0,0,0.197171090881863,0,0,0,0.16175431324162,0.10404648615624,-0.108122195539656,0,0,0.203664835690848,0,0,0,0,0,0,0,0,-0.126863641285885,0,0,0,0,0,0,0,-0.186334504840727,0,0,0,0.150951033965923,0,0,0,0,0,-0.108716967805839,0
0,0,0,0,0,0,0,0,0,0,0,0,0,0,0,0,0,0,0,0,0,0,-0.170617048073505,0,0.235249941613049,-0.272455047725021,0,-0.742719796010721,-0.201324674373686,0.122034490961464,-0.21759431038001,0,-0.12325448138162,0.11952361149843,0,0,0,0,0,0.17102381361301,0,0.114304740228473,0,0,0,0,0.116765006614442,0,-0.0996484372053753,0,0,0,0,0,0,0,0,0,0,0,0,-0.10651058594419,0,0,0,0,0,0,0,0,0,0,0,0,0,0,0,0,0,0.128847271361299,0,0,0,0,0,0,0,0.139425306748232,0,0.0990379685887479,0,0,0,0,0,0,0,0,0
0,0,0,0,0,0,0,0,0,0,0,0,0,0,0,0,0,0,0,0,0,0,0,0,-0.206022461807452,0,-0.220460024493623,-0.258006972243016,0.538872852738274,-0.354462874994937,-0.27797510321881,0,-0.101164105668035,0.174188296565028,0,0.247303294313519,-0.200586200682607,0,0,0,0,-0.148918533008727,0,-0.131233226922015,0,0,0,0,0,-0.141369162141529,0,0,0,0,0,0,0,0,0,0,0,0,0,0,0,-0.103719045044087,0,0,0,0,0,0,0,0,0,0,0,0,0,0,0,0,0,0,0,0,0,0,0,0,0,0,0,0,0,0,0,0,0
0,0,0,0,0,0,0,0,0,0,0,0,0,0,0,0,0,0,0,0,0,0,0,0,0,0,0.122498336359808,-0.104572652008486,0.591783867187065,0,0.3978571351863,0.297211594728489,0,0,0.181956185768948,-0.16648032453257,0.23610310969333,0,0,0.136490545973039,0,0,0,0,0,0,0,-0.233066643093244,0,0.108146275570389,0,0.100296037250871,0,0,0,0,0,0,0,0,0,0,0,0,0,0.168535121554327,0,0,0,0,0,0,0,0,0,0,0,0,0,0,0,0,0,0,0,0,0,0,0,0,0,0,0,0,0,0,0,0,0
0,0,0,0,0,0,0,0,0,0,0,0,0,0,0,0,0,0,0,0,0,0,0,0,0,0,0,0.240128376373402,0.339056765132857,0.269848008983511,-0.458205791199439,-0.276435900768182,-0.293378092541512,-0.207541725845509,-0.142160575431639,0,0.282151831323052,0,0,0.105057087759477,0,0.217034954095355,-0.181380985363275,0.127662524151149,0.113310601816356,0.113720007503536,0.163152003151113,0,0,0,0,-0.141332766048424,0.115788697126342,0,0,0,0,-0.114764361093934,0,0,0,0,0,0,0,0,0,0,0,0,0,-0.140539338543923,0,0,0,0,0,0,0,0,0,0,0,0,0,0,0,-0.190952184525416,0,0,0,0.101838643879156,0,0,0,0,0,0,0
0,0,0,0,0,0,0,0,0,0,0,0,0,0,0,0,0,0,0,0,0,0,0.107360072394608,0,0,0,0,0,-0.130119340220127,0,0.49859842064003,-0.436000211728874,-0.20335190925365,0.196489122693461,0,0.334677031138759,0,0.137331583523538,-0.270789905361784,0.317246950846577,0.105702951299319,0,0,0,0.147131617915148,0,0,0,-0.104068501883266,0,0,0,-0.159175426696311,0,0,-0.139359219073935,0.114679791607118,0,0.132084921562544,0,0,0,0,0,0,-0.16665218889679,0,0.126426195372984,0,0,0,0.14582055801277,0,0,0,0,0,0,0,0,0,0,0,0,0,0,0,0.210455003472527,0,0,0,0,0,0,0,0,0,0,0
0,0,0,0,0,0,0,0,0,0,0,0,0,0,0,0,0,0,0,0,0,0,0,0,0,0,0.120036930053976,0.140455137458423,0,0.297688341098198,-0.126073257599179,0.183895745360788,-0.550740539669442,0.317953075739812,0,0,0,-0.239713862869453,-0.209983255259811,-0.350557998821582,0,0,0.197381218014903,0,0,0,0,0,0.153568241805566,0,0,0,0,0,0,0,0,0,0,0,0,0.202580644179702,0,0,0,0,0,0,0,0,0,0,0,0,0,0,-0.123072682525964,0,0,0,0,0,0,0,0,0,0,-0.110564151311481,0,0,0,0,0,0,0,0.101834760420619,0,0,0
0,0,0,0,0,0,0,0,0,0,0,0,0,0,0,0,0,0,0,0,0,0,0,0,0,0,0,0,0.14413912611261,0.117044289900536,0.181152338697354,-0.308854681145804,-0.305154398644727,-0.411172935640341,0,-0.27246160034984,-0.333389780190107,-0.127372312460772,0.202719798630129,0.168335848647504,0,0,0.285276295478359,-0.121026628794477,-0.180580576829871,0,0,0,0,-0.11679612853183,0.132859369000164,0,0,0,0,0,0,0,0,0,0,0,0,0,0,0,0,0,-0.149667551659825,0,0,0,0,0,0,0,0,0.113459253849914,0,0,0,0,0,0,0,0,0,0.102978351380598,0.100492424477276,0,0,-0.131029831458967,0,0,0,0,0,0,0
0,0,0,0,0,0,0,0,0,0,0,0,0,0,0,0,0,0,0,0,0,0,0,0,0.103269274425445,0,0.113110498688082,0,0,-0.255159506909402,0.102005050547368,-0.285128312400279,0.14406974644579,0,-0.372867462644994,0,0.137987851113538,-0.262115222992307,-0.137469353829276,-0.177599376334532,-0.100332160645055,0.22220761038472,0,-0.320177053363145,0,0.246122007348965,0,0,0.0991772254535721,0,0.116592275773369,0,0.196778577522338,0,0,0,0,0,0,0,-0.167577631513158,0.162759713892844,0,0,0,0,0.194564103556627,0,0,0.108107003613096,0.164613185655835,-0.101415340550211,0,0.133532501556356,-0.130273361023205,0,0,0,0,-0.103564953333843,0,0,0,0,0,0,0,0,0,0,0,0,0,0,0,0,0,0,0
0,0,0,0,0,0,0,0,0,0,0,0,0,0,0,0,0,0,0,0,0,0,0,0.160581761891953,0,0,0,0,0,-0.235951493807748,0,-0.106393143202682,0,0,0.269090223698465,-0.331674295025935,0.274790224923776,-0.178558925648171,0,0.264846173948718,0.454281054028181,-0.283847915719895,0,-0.268870512829097,0,0,0,0,-0.195305082598878,-0.171435465905229,0,0,-0.205261022764143,0,0,0,0,0,0.104677330035158,0,0,0,0,0,0,0,0,0,0,0,0,0.127341241872067,-0.129718093868949,0,0,0,0,0,-0.101070500577296,0.0992143766362229,0,0,0,0,0,0,0,0.100473423611079,0,0,0,0,0,0,0,0,0,0,0
0,0,0,0,0,0,0,0,0,0,0,0,0,0,0,0,0,0,0,0,0,0,0,-0.108742997388654,0,0,0,0,0,0.344250569792076,0,0,0.230085824256169,0,0.319852966983986,0,-0.158535651862607,-0.180736690344783,0,0,0.145026851526635,0.156113156280695,-0.245558921660923,0,-0.220445740573265,0.365486821602783,-0.102799465676106,0,0.193750722162767,0.126646301911587,0,0,0,0,0,-0.144129673333092,0,0.100333660568149,0,0,-0.216319298195613,0,0,0,0.143662950567487,0,0.159410681137897,0,0,0.169125089568246,0,0,0,0,0,0,0,0,0,0,0,0,0,0,0,0,-0.106296034883721,0,0,0,0,0,0,0,0,0,0,0,0
0,0,0,0,0,0,0,0,0,0,0,0,0,0,0,0,0,0,0,0,0,0,0.123153477161232,0,0,0,0,-0.172735484880255,0,0,0,0,-0.160627629144657,-0.349426473442074,-0.103234657496001,-0.157207938691822,0.120803606803851,0.233549847118781,-0.441571189746358,0,-0.214554740382539,-0.421298123337151,0,0,-0.16120697590786,0.201730058705863,-0.184659595480472,0.139182737603817,0.105837088370758,0.116389634519392,0,0,0,0.103640851008699,0,0,0,0,0,0,0,0,0.114481584669974,0,0,0,0,0,0,0,0,0,0,0,0,0,-0.110221785280998,0,0,0,0,0.0998213629729282,0,0,0,0,0,0.111057078971025,0,0,0,0,0,0,0,0,0,0,0
0,0,0,0,0,0,0,0,0,0,0,0,0,0,0,0,0,0,0,0,0,0,0,0,-0.100266650376285,0.107830542268278,0,0,0,0,-0.168455084936336,-0.22013182214966,0.101585238681242,0.282910046476946,-0.23963621425982,-0.16932133751012,0.154828208763339,0.137050816429561,0.220349630769181,0,0,0.128949396530123,0.423067572654781,0.248860721394502,-0.16049229541136,0,-0.210813764111473,0,0.193112480902711,0,0,0.15340804776307,0,0.119709895211496,0,0,0.112226660591031,0,0,-0.243220484754275,0,0,0,0,0,0,-0.109799971989945,0,0,0,-0.150355919890411,0.142905748136854,0,0,0,0,0,0,0,0,0,0,0,0,0,0,0,0,0,0,0,0,0,0,0,0,0,0,0
0,0,0,0,0,0,0,0,0,0,0,0,0,0,0,0,0,0,0,0,0,0,0,0,0,0,0,0,0,-0.106880192525774,0,-0.158114430437968,0.138166298605764,-0.401789197400599,0.240716492757514,0.156701790677617,0,0.261969928421636,-0.344652151834107,-0.396738007139094,0.438659867554521,0.100416142253632,0.105171891909567,0,0,0,0,-0.104924339459325,-0.177892689671545,0,0.122394258131116,0.135641481545813,0,0,0,0,0.204482367707768,0,0,-0.136999038382685,0,0,0,0,0,0,0,0,0,0,-0.13192632710571,0.114111936861594,0,0,0,0,0,0.102386924306742,0,0,0,0,0.111989441285288,0,0,0,0,0.25778366301737,0.178235650607392,0.109672317139012,0,0,0,-0.107817885474652,0,0,0,0,0
0,0,0,0,0,0,0,0,0,0,0,0,0,0,0,0,0,0,0,0,0,0,0,0,0,0.142923860684147,0,-0.109631969776125,0,-0.138393171554902,-0.17186350619458,0.232726670606074,0,-0.279794553912459,0,0.167466703534592,-0.204848333433175,-0.422019651183432,0,0.224986763059908,-0.138073559845106,0,0.259428435385283,0.161275622894382,0.263793732059837,0.146948830235736,0,0,-0.118723882153377,0,0,0.109679067368388,-0.113642673076821,0,-0.126905016125293,-0.107349027319995,0.20201593669561,0,0,0,0,0,0,0,0.14138038848544,0,0,0.118382197109685,0,0,0,0.149571978851905,0,0,0,0,0,-0.106447205631345,0,0,0,0,0,0,0,0,0,0,0,0,0,0,0,0,0,0,0,0,0
0,0,0,0,0,0,0,0,0,0,0,0,0,0,0,0,0,0,0,0,0,0,0,0,-0.104127746795917,0,0,0.127677169218413,0.115070374610276,0,0,0,0.132134185450854,0.241080839356082,0.13287275884663,-0.237652254399349,-0.164707802614871,0,-0.439304166974418,0,-0.146556263380913,0.330626716088227,0.158652013303104,0.109942847453924,-0.201219778529195,0,0.209541974928994,0.347949143750514,0,0,0,0,0,0,-0.17401587624724,0,0,-0.118481496238829,0,0.159923417588486,0,-0.141751479059648,0,0,0,0,-0.104883167295926,0,0,0,0,0,0,0,0,0,0,0,0,0,0,0,0,0,0,0,0,-0.170044728476031,0,0,0,0,0,0,0,0,0,0,0
0,0,0,0,0,0,0,0,0,0,0,0,0,0,0,0,0,0,0,0,-0.114050736973091,0,-0.14251356792425,0,0,0,0.117491683520693,0.166247880126199,0,0,-0.140976685361829,0,0.147283465525486,0,0.291697094793471,0.107560705925259,-0.104689647278381,0.164395121440944,0.154579948134773,0,-0.221610950699792,-0.223571968309498,0.21501262244105,-0.140948833670723,0,0.191991019217013,0.236025758294215,-0.218329495077767,0.228018459483641,0,0,-0.301222018176665,0.408293487311483,0.113739762564527,0,0.110907665116114,0,-0.185919306663235,-0.117213689624941,-0.168622604269834,0,0.17012654372427,0,0,0,0,0,0,0,0.118568977040072,0.127224542108528,-0.259571067409385,0.219150523539857,0,0,0,0,-0.127138124236119,0.139788966905593,0,0,0,0,0,-0.119423432459255,0,0,-0.28756465639763,-0.17532454694758,0,0.12505314364205,0.122546790953764,0,0,0,0,0,-0.102252524898987,0
0,0,0,0,0,0,0,0,0,0,0,0,0,0,0,0,0,0,0,0,0,0,0,0,0,0,0,-0.11910594363178,0,0,0,0,0,0,-0.17354518314618,-0.247389858037058,-0.214221559167963,-0.16840316887038,-0.102581608843491,0,0.46152642575974,-0.316057656663395,0,0.379656136810924,0.188508799725478,-0.106291759624416,0.21346224979725,0,0.197156584776981,0,0,-0.157108719004176,0.199330452795517,0,0.207776567576323,0,0,0,0.112924197281456,0,-0.153658340492542,0,0,0,0,0,0,0,0,0,0,0,0,0,0,0,0,0,0,0,0,0,0,0,0,0,0,0.1467962967195,0.118536918360269,0,0,0,0,0,0,0,0,0,0
0,0,0,0,0,0,0,0,0,0,0,0,0,0,0,0,0,0,0,0,0,0,0.126977216369711,0,0,0,0,0,0,-0.212693219147993,0.148274281366795,0.24484441732085,-0.190831013120857,-0.108462644907997,-0.15116158113953,0.195878144856399,0,0,0,0.170794669860429,0.376184492036508,0.25808442622263,0,-0.10656328455481,0,0,-0.131673474485411,0,0,0,0.255278080748547,-0.101967128676362,0,0.171361147266535,0,-0.306691596030775,-0.184438281584901,-0.108297136928024,0,0,0,-0.218388144693262,0,0,-0.173223650725292,0.123337649583847,-0.101249398626139,0,-0.102427148424697,0,0,-0.109761964266869,0,-0.103518546631756,0,0,0,0,0,0,0,0,0,0,0,0,0,0.115972768187001,0,0,0,0,0,0,0,0,0,0,0
0,0,0,0,0,0,0,0,0,0,0,0,0,0,0,0,0,0,0,0,0,0,0,0,-0.132420616575737,0,0,0.123465302182888,0,0.136344530084135,0,0.230088914908583,0,0,-0.182949486087461,-0.22241644217385,0,0.285449616099182,0,0,0,0.19372818142559,0,-0.35302644827044,0.123223833972587,-0.164982996447643,0.19764236651422,0,0.325378618792243,-0.25855607394282,-0.236582523060796,-0.101848860147136,0,0,0,0,0,0,0.127884899630234,-0.120508877959433,0,0.287779341367017,0,-0.119606798537177,0,0,0.23457711703115,0,0.115329996012411,0.120013743417549,0,0,0,0,0,0,0,0,0,0,0,0,0,0,0,0,0,0,-0.164831675894351,0,0,0,0.104072284476469,0,0,0,0,-0.101672950685588,0
0,0,0,0,0,0,0,0,0,0,0,0,0,0,0,0,0,0,0,0,0,0,0,0,0,0,0,0,0,0,0,0,0,0,0,0,0,0,-0.171866437321134,0.206461707211208,0,0,-0.349479681262771,0.130038518503272,0.13503867287368,0,0,0,0.311375851967768,-0.224741941929522,0.348192484243121,0.32920796847223,0.159179501009951,-0.124530847257556,0,0.173204856483749,0.199031860134329,0,0,-0.100252273694068,0.159389103988941,0,0.118684840043942,0,-0.210875832654203,0.12162862606359,0,0,-0.106611981157786,0,-0.184322079746264,0.127532792453832,0,0,0,0,0,0,0,0.119774232971086,0,0,0,-0.111429457186718,0,0,0,0.174080804503879,0,0,0,0,0,-0.124967956392797,0,0,0,0.120720801837845,0
0,0,0,0,0,0,0,0,0,0,0,0,0,0,0,0,0,0,0,0,0,0,0,0.103453220938712,0.150043572447347,0,0.141663180743648,0,0,-0.190347409038096,0,0,-0.186269093951719,0,0.126120452429651,-0.107706640643103,-0.331725318988002,0.219711096672537,0.199797048853977,0,0,0.168060097053794,-0.211126926768238,0,0.170108719941998,0.155332186033733,0.10130985844221,0.268906586441044,0,0.100520179192368,-0.22271189981937,0.161658251256841,0,0,0,0,0,0,0.150563826312945,0,0,0.163870689432919,0,0,0,0,0,-0.186791235986355,0,-0.116075458838579,0.208505128863589,0.14896290188082,0,0,-0.164897497630039,0,0,0,0.131513325414248,0,0,0.100554901539075,0,0,0,0,0,0,0,0,0,0,0,0,0,0,0,0,0
0,0,0,0,0,0,0,0,0,0,0,0,0,0,0,0,0,0,0,0,0,0,0,0,0,0.168508090944504,0,0,0,0,0,-0.124997158762635,0,0,0,0,-0.101597712577511,-0.200977290456323,-0.126201721906918,0,0,0,-0.246050492635559,0,-0.319700443292827,-0.207624760642026,-0.316858569388313,-0.264085719218129,0.21791041506826,-0.12359933307134,-0.330301396489839,-0.186567959008785,0,0,0,0,0,-0.131559250907929,0,0,0,0,-0.260403728263367,0,0,0,-0.109341070586343,0,0,-0.143211294536221,0,0,0,0,-0.102443869124964,0,-0.119195334366565,0,0.103077526917402,0,0.145892966265619,0,-0.140245374264915,0,0,0,0,0,0,0,0,0,0,0,0,0,0,0,0
0,0,0,0,0,0,0,0,0,0,0,0,0,0,0,0,0,0,0,0,0,0,0,0,0,0,-0.119985382813896,0,0,0,0,0.102393137813265,0,0,-0.180542320264612,-0.126814388646583,-0.213644725194872,0.117121654150477,0,0,0.208695924761248,-0.1139545181133,0,-0.215862682767147,0.127472749151733,0.235585517987165,-0.165729599348985,-0.246440195646011,-0.294612109229929,-0.114538313517768,-0.195776400061234,0.26419652630582,0.335319883330416,0,0,0,0,-0.255866561902375,-0.138794286443691,0.143200215075282,0,0,0.122072841108671,0,0.1612551897743,0,-0.117676965623455,0,0,-0.105275409447334,0,0.130760647112476,0,0,0,0,0,0,0,0,0,0,0,0,0,0,0,0,0,0,0,-0.131313397666515,0,0,0,0,0,0,0
0,0,0,0,0,0,0,0,0,0,0,0,0,0,0,0,0,0,0,0,0,0,0,0,0,0,0,0,0,-0.107317162198275,0,0,-0.11381151586238,0,0,0.134855127121944,0.135522811115072,0,0.09922846280529,0,0.110836649302022,0,0,0,-0.115659769382475,0,0,0,0.201506070391726,-0.381363081052314,0,0,0,0.285928845852989,-0.428238279008908,0.287954573881554,-0.144612682717909,0,-0.192887157757734,0,-0.114456334319193,0,0,0.209072884218472,0.141942568844179,-0.263840848245696,0,0.146644091434945,0,0,0,0,0,0.108615571502488,0,0,0,0,0,-0.121860402089314,0,0,0,0,0,0,0,0,0,0,0,0,0,0,0,0,0,0,0
0,0,0,0,0,0,0,0,0,0,0,0,0,0,0,0,0,0,0,0,0,0,0,0,0,0,0,0,0,0,0,0.10040512317058,0,0,0.111581395096886,0,0,0,0,-0.111591946153131,0,0,0,0,0.182095716491667,0,-0.484858806905139,0.295884724703025,0,0,0.105459225349691,-0.183339781963555,0.21895011041871,0,0,0,0.317768449848501,-0.177665014235502,0.179484072473641,0,0,0,-0.210095094770962,0,0.177422438782614,-0.240078196953767,0.106660370418838,0,0,0.138114924355628,0,0,0,0,0,0,0.114153388328751,-0.124968460135889,0,0,0,0,0,0,0,0,0,0,0,0,0,0,0,0,0,0,0,0,0
0,0,0,0,0,0,0,0,0,0,0,0,0,0,0,0,0,-0.115321964686039,0,0,-0.129380320687524,0,0,0,-0.182480514236502,-0.131053094305352,0,0,0.204202142833218,0.400919142575746,-0.154079666935248,-0.145845381249112,0.1807398355007,0,0.161681092144343,0.133379337669293,0.1562216918467,0,0.134539680856274,0,-0.2444626862306,0,0.128954652160241,-0.289346129258068,0.245849484132754,-0.443581254193158,-0.12106445480639,0.253938585383147,0.366534950976236,0.148449886524862,0,0,0.214045188399194,-0.306632147841414,-0.360606590099877,0,0,-0.19363582656137,-0.245157877669443,0,-0.325161995658311,0.367275677759503,0,0,0.121784879768207,0.235654205323825,-0.151682109926682,-0.236241128358189,0.215264649331695,0,0.279744870152075,-0.359304440209485,0,0.113844063697986,0,0,0,-0.103754852545041,0.118255228768476,-0.272908238996612,-0.249349923939765,0,-0.13368962911471,0,-0.133050360174059,0,0,-0.631472320794134,-0.290906103174246,-0.189367887076462,0.183635689643739,0.238277584158291,0,0,-0.136985336051883,0,0,-0.268399604382329,0
0,0,0,0,0,0,0,0,0,0,0,0,0,0,0,0,0,0,0,0,0,0,0,0,0,0,0,0,0,0,0,0,0,0,0,0,0,0.0993547851212854,0,0,0,0,0.18753001160046,0,0,0.204627151535045,0,0.114729666691954,0.248878190175542,-0.163738653112492,-0.132244706473337,-0.122146310661674,-0.226713290536766,-0.436407997016073,0,0,-0.242197272556738,-0.480682713183471,-0.213348238629933,0,0,0,-0.184463302671616,0,0,0.182096946557932,0.165475720209589,0,0,0,0.189879803619243,-0.180027947182515,0,0,-0.112313729362202,0,0,0,0,0,0,0,0,0,0,0,0,0,-0.111226292230239,0,0,0,0,0,0,0,0,0,0
0,0,0,0,0,0,0,0,0,0,0,0,0,0,0,0,0,0,0,0,0,0,0,0,0,0,0,0,0,0,0,0,0,0,0.108461280296966,0,0,0.0992397912995166,0,0,0,0,0,0.191091659269989,0.126013844629757,0,-0.209274961535146,0.105500401439718,-0.16261354207854,0,-0.393388582741067,0,0.276096637034363,-0.189050031558227,0,0.162911293609354,-0.188339415398707,0.306907017005772,-0.115383661080414,-0.187917600401033,-0.169311422931342,0,0,-0.303162380087318,-0.228050421131088,0,0,0,0,0.107047253861649,0,-0.221465240932094,0.171213421585886,0,0,0,0,0,0,0,0,0,-0.121087249998736,0,0,0,0,0,0,-0.154611130162979,0,0.132288294668476,0,0.11443348696119,0,0,0,0,0
0,0,0,0,0,0,0,0,0,0,0,0,0,0,0,0,0,0,0,0,0,0,0,0,0,0,0,0,0,0,0,-0.1633798473259,0,0,0.10872688753935,0,0,0,0.17170592052618,-0.268696246109559,-0.180113179827369,-0.136219663672032,0,0.100110714623059,0.142556581464202,0,0,0,0.124048765746128,-0.173378425037402,-0.165256975869572,0.234211697071872,0.144959741250116,0,-0.158282455273075,-0.578692185330816,-0.151032607866207,0,0,0,0,0,0,0.18584870164623,0,0,0.15489567769718,0,0,0.0992914185413386,0,-0.296316505946477,0.132446225144393,0,0.127112169097793,0,0.139642810409485,0,0.103952828895696,0,0,0,0,0,0,0.103316564074612,0,0,-0.0996848134785223,0,0,0,0,0,0,0,0,0,0
0,0,0,0,0,0,0,0,0,0,0,0,0,0,0,0,0,0,0,0,0,0,0,0.100045625792804,0,0,0,0,0,0,0,0,0,0,0,-0.142086740912077,-0.182686050736462,0,0,0,0,0,0,0,0.271752961891929,-0.100619317035922,-0.241047658804273,-0.318613439696837,0,0,0.177324172573529,-0.280619728554138,-0.226162986861351,0.180475196509623,-0.269272907256481,0.111671910593049,-0.227860006697496,0,0.118490577488541,0,-0.211980064327924,0,0,-0.153027959881999,0,0.13969617436522,0.199583657972557,-0.11998998772468,0,0,-0.118713997278463,0,0,0,0,0,0,0,0,0,0,0.167101900439025,0,0,0,0,0,0,0,0,0,0,0,0,0,0,0,0,0
0,0,0,0,0,0,0,0,0,0,0,0,0,0,0,0,0,0,0,0,0,0,0,0,0,0,0,0,0,0,0,0,0,0,0,0,0,0,-0.102292698364945,0,0,0,0,0,0.186518214022802,0,0,0,0,-0.243159200157484,0,0.114453585114459,-0.277234750332187,0.341469490699054,0.640431042307215,0,0,0,-0.266425351049044,0.20380565763682,0,-0.107920517611666,0.10896573453458,0,0,0,-0.168034655662311,0,-0.15399944955479,0,0,0,0,0,0,0.103597082131439,0,0,0.111856667408207,0,0,0,0,0,0,0,0,0,0,0,0,0,0,0,0,0,0,0.102424599504611,0
0,0,0,0,0,0,0,0,0,0,0,0,0,0,0,0,0,0,0,0,0,0,0,0,0,0,0,0,0,0,0,0,0,0,0,-0.12078253605368,0,-0.130486383444533,0,0,0,0,-0.143691353781726,0,0,-0.168364463840812,0.133220447228554,0,-0.299504395276626,0,0,0,0,0,0,0,0,-0.40773132916504,0,-0.317601071777026,-0.26528933002254,0.290960378614166,0,0,0,0,-0.116418014557978,0.211730896254791,0,0.216583347780367,-0.155208141166791,-0.154850458291426,0,0,0,0,-0.152391152120771,-0.134531202603535,0,0,0,0,0,-0.105748832186089,0,0,0,0.120457813677156,-0.108787130252152,0,-0.148270189227598,0,0,0,0,0,0,0,0
0,0,0,0,0,0,0,0,0,0,0,0,0,0,0,0,0,0,0,0,0,0,0,0,0,-0.124921662116131,0,0,0.102958973523704,0.177224754961917,0,0,0,0,0,0,0.117681342512668,0,0.112005953556817,-0.110732539674082,-0.172473256978937,0,0.124000845898708,0.107230425755922,0,0,0,0,0.0990965333733558,-0.168112428545482,0.11107760136426,0,0,0,-0.257864439464679,0,0.273642610259917,-0.167663690829039,0,0.225006892528962,-0.250652949594926,0.2759145274034,0,-0.207786139603174,-0.425090504979557,-0.315656835027532,0,-0.405023131323727,0,0,0.24966135144189,-0.266010142210136,0,0,0,0,-0.139699888926478,-0.154092603339942,0,-0.137722583367491,0,0,-0.134086086158356,0,0,0,0,-0.311424761302179,-0.194312262184776,0,0.111766115581576,0.170882943462804,0,0.103014408471351,0,0,0.103746469705582,-0.171067252836675,0
0,0,0,0,0,0,0,0,0,0,0,0,0,0,0,0,0,0,0,0,0,0,0,0,0,0,0,0,0,-0.179493230585827,0,0,0,0,0,0,-0.140291965548947,0,0,0,0.153400007514321,0,-0.154085820193992,0,-0.107254110345879,-0.146639250211005,0,0.149757564398349,-0.175060358459262,0,0,-0.170948346122932,-0.12230601488952,0,0,-0.247744578448971,0.240475035044128,0,-0.514495617839703,0.108717348729937,0,0.172043683573649,0,-0.152531342295003,0,0,0.1470536258995,0,-0.244349320249922,0.148461789221327,-0.126191412633038,0.298348043245092,0.126567745738761,0,0,0,0,0,0,0,0,0,0,0,0,0,0,0.209548507121797,0.201801157999069,0.101461323178119,0,0,0,0,0,0,0,0.125477318915115,0
0,0,0,0,0,0,0,0,0,0,0,0,0,0,0,0,0,0,0,0,0,0,0,0,0,0,0,0,0,0,0,0,0,0,0,0,0,0,0,0.110797046527944,0,0,0,0.193722021470613,-0.243180618976396,-0.198038771567247,0,0,0,-0.103667778108584,0.257042893806784,0.278512812619698,0,0,0.225129214748066,0.109185642421875,-0.20676298044423,0,0,0.16354883079308,0,0.108679290583782,-0.275809826899561,0,0.368003263131672,-0.129426070297102,0.275729258256322,-0.150131331009594,0,-0.131944926278014,0,0,0,-0.163434372842334,0,0,-0.128614064996138,-0.128797965001424,0,0,0,0,0,0,0,0.102127197045294,0,0,-0.121219595742452,0,0,0,0,0,0,0,0,0,0
0,0,0,0,0,0,0,0,0,0,0,0,0,0,0,0,0,0,0,0,0,0,0,0,0,0,0,0,0,0.126323681844427,0,0,0,0,0,0,0,0,0,0,0,0,0,0,0,0,0,0.195344263889047,0,0,0,0.101953086372377,0,0.346110925987643,-0.148810896374273,0,0.144216561066995,0,-0.157372126056491,-0.157829892518792,0,-0.174814073646939,-0.222209724132833,-0.215683914921991,-0.137553466152726,0.255489605931289,0.332923380180248,0,-0.123120992578257,-0.141990608272713,0.200575254171761,0,-0.245710166094592,0,0.241679200584686,0,-0.163616171377214,-0.201089849228391,0.118455408585081,0,0,-0.124210835400917,-0.135734439426575,0,0,0,0.132978863177492,0,0,0,0,0,0,0,0,0,0,0,0
0,0,0,0,0,0,0,0,0,0,0,0,0,0,0,0,0,0,0,0,0,0,0,0,0,0.123217881303907,0,0,0,0,0,0,0.122847943230362,0,0,0,0,0,-0.221142118028447,0.191008381119364,0.188002546542674,0,0,0,0.164059815850334,0,0,0,-0.159471563742775,0.166374809216247,0.129743059674261,0,-0.118717708035066,0,0.114451817160617,0,-0.176878034727273,0.11277433978109,-0.121466629054882,-0.169722185614157,0.128400080934493,0.2353202559616,-0.195898978538925,0.398012930251991,-0.18205666762514,-0.294733727170433,0,0,-0.168915101916182,-0.276162746502813,0,0.170863728664853,0,-0.162709020912606,0.182568956922757,0.141680694311383,0.107448183567529,0.128197613779598,0,0,0.162836162658696,0,0,0,0,0,0,0.239009258004969,0,0.165021029033559,-0.151590847385373,-0.23250316061551,0,0,0,0,0,0.101850736673097,0
0,0,0,0,0,0,0,0,0,0,0,0,0,0,0,0,0,0,0,0,0,0,0,0,0,0,0,0,0,0,0,0,0,0,0,0,0,0,0,0,0,-0.106735673582712,0,0,0,0,0,0,-0.202236342774151,-0.211943875699096,0,0,0,0,0.105411962910455,0,0.195490139364942,0.172100637068986,0,0.135139194504471,-0.426333483983975,0,0,0.498300752489085,-0.105687422885322,0.346176244160851,0.141386398757355,0,0,0,-0.229243898845839,0,0,-0.179792894203254,0,0,0,0.140435267068217,0,0,0,0,0,0,0,0,0,0,0,0.17662526626955,0,0,0,0,0,0,0,0,0
0,0,0,0,0,0,0,0,0,0,0,0,0,0,0,0,0,0,0,0,0,0,0,0,0,0,0,0,0,0.106388433598135,0,0,0,0,0,0.195565668954749,0.264597354365529,-0.11046374210305,0,0,0,0,0,0.122558320021963,0,0,0,0.173535358259673,0,-0.121421382038845,-0.206383856242723,-0.203826514872621,0.206227288050184,0.241055010976627,0,0,-0.10648318766335,-0.223273988321189,0.171569097818862,0.182487319313084,0.133915079149688,0.495295432286257,0.148000756679524,-0.293634799332646,0,0.210231086921069,0,-0.226443998699843,0,0,0,0,0,0,0,-0.102749662447596,0,0.181920650875694,0,0,0,0,0,0.100468807274621,-0.141262313920642,0,0,-0.25649823475201,-0.12773858319629,0,0.139019829924727,0,0,0,0,0,0,-0.113046419182156,0
0,0,0,0,0,0,0,0,0,0,0,0,0,0,0,0,0,0,0,0,0,0,0,0,0,-0.0997252478762019,0,0,0.0999751360255617,0.170999417230127,0,0,0,0,0,0,0.136998639886452,0,0.2137665257541,-0.260854404214934,-0.295459213683385,0,0,0,0.177527319820844,0.161595790632794,0,0,0.149817439888594,-0.254252827340041,0,-0.314606393138289,0.143844203923564,0,-0.17002132742301,0,-0.117753927856956,0.151001838426341,-0.229167902671439,-0.108406587540561,0,0.221506078368711,-0.376677516863982,-0.224216785798213,0.101457817495927,0.161297532808352,-0.354086088038669,-0.155000684342168,0.328505748164014,-0.101603280320806,0,0,0,0,0,-0.115395119022497,0,0,0.256527690671889,0,-0.270050143425893,0,-0.20481363095761,0,0,0,0,-0.354408740861661,-0.184619087919653,-0.118855289712454,0.125885195620084,0.118903691234288,0,0,0,0,0,0,0
0,0,0,0,0,0,0,0,0,0,0,0,0,0,0,0,0,0,0,0,0,0,0,0,0,0,0,0,0,0,0,0,0,0,0,0,0,0,0,0,0,0,0,0,0,0,-0.138082562631853,0,0,0,0.174858887402887,0.100534206982977,0,0,0.196179166850623,-0.189538785234585,0,0,0,0.199026548505134,-0.29463188054384,0,0.150032963402374,0,-0.188590692260627,0,0,0.466683628300365,0,-0.234675756451983,0.137913140056445,0.271445121723122,0,0,0,-0.170952095669429,0.268322779633723,0,0,0.338936788220023,0.156087174800248,-0.20371883867362,0,0,0,-0.192240532152737,0,0.299308060893013,0.131636143893735,0,-0.111254390010967,0,0,0,0.105817758042853,-0.110755305139539,0,0,0
0,0,0,0,0,0,0,0,0,0,0,0,0,0,0,0,0,0,0,0,0,0,0,0,0,0,0,0,0,0,0,0,0,0,0,0,0,0.147559762208342,0,0,0.14093421582713,0,0,0,0,0.10998887452452,0,0,0,0,0,0,0,0,0,0,-0.10362886375972,0.12729896564278,0.145166368174226,0.24303284884561,0,0,-0.251316672224862,0,0.106220574474378,0,-0.218940137674341,0.267707813138465,-0.434952687485007,0.261733644910357,0,0,-0.171168125387074,0,0,0.18663623255406,-0.171862866053225,0,0,0.396507563856924,0,0.168654812682736,0,0,0.135421283035608,0,0,0,0,0,0,0,0,0,0,0,0,0,0
0,0,0,0,0,0,0,0,0,0,0,0,0,0,0,0,0,0,0,0,0,0,0,0,0,0,0,0,0,0.122809227837026,0,0,0,0,0,0,0,0,0,0,-0.11641207308109,0,0,0,0,0,0,0,-0.182057466708907,-0.322141935085064,0.147745545197192,-0.128176208823385,0,0,0,-0.191989551480273,0,0,0,-0.399505605133054,0,0,0.225903065681525,0,0.1693016031664,0,0,0,-0.285448797909331,0,0.492259450813103,0.148781580877288,0,0,0,0,0,0,0.109483656645914,0,-0.108605076771636,0.125986210297225,0,0,0,0,0,0,0,0,0,0,0,0,0,0,0,0,0
0,0,0,0,0,0,0,0,0,0,0,0,0,0,0,0,0,0,0,0,0,0,0,0,0,0,0,0,0,0,0,0,0,0,0,0,0,0,0.108566005289204,0,0,0,0,0,0,0,0.103110572771315,0,0,0,0,0,0,-0.122707009253024,0,0,0,-0.142503317267485,0,0,-0.17965639464206,-0.234976990792848,0.138755438311148,0,0,-0.307328100780869,0.170067799076277,0.103143543448222,-0.294610081982314,-0.326108969910113,-0.379550487115196,0.365517689851331,0.165792886036273,0,0,0,-0.293931014613108,0.170655319211501,0,0.207497522995368,0.129181520694718,0,0.12558112822667,0,0,0,0,0.120826765456482,0.223256386501357,0,-0.183184823732829,0,0,0,0,0,0,0.196419402861866,0
0,0,0,0,0,0,0,0,0,0,0,0,0,0,0,0,0,0,0,0,0,0,0,0,0,0,0,0,0,0,0,0,0,0,0,0,0,0,0,0,0,0,0,0,0,0,0,0,0,0,0,0,-0.158488549959057,0,-0.172297572628404,0.132579340211122,0.198626997286953,0,0,0,0,0.142742593599635,0,0,0.140110474937957,0.118554267726277,0,0,-0.184238344069785,-0.327855190584364,0,-0.528865213593073,0.438841855439255,0.101738774930187,0,-0.248449501753395,0,-0.124862079651077,-0.106284080460085,0,0,0,0,0.207368706966394,0,0,0,-0.150371115198491,-0.218705406590927,0,0,0,0,0.167183928277099,0,0,0,0,0
0,0,0,0,0,0,0,0,0,0,0,0,0,0,0,0,0,0,0,0,0,0,0,0,0,0,0,0,0,0,0,0,0,0,0,0,0,0,0,0,0,0,0,0.101273767451629,0,0,0,-0.102236322034078,0,0,0,-0.140838388585472,0,-0.121833851718431,0.110220776332119,0,0.138673539130832,0,-0.189912691274162,0,0,0.207558314784471,0.114728371749476,0.130311858278893,0,0,0,0,0,-0.275619651803603,-0.182103260044741,-0.298351634751255,-0.453603196770593,0.432270635222071,0,0,-0.139934091879555,0,0.157126697357945,0,0,0,0,0,0.127927087110511,0.128387549385935,0,-0.208795472159762,0,0,0.139523928501981,0,0,0,0,0.103440306503242,0,0,0
0,0,0,0,0,0,0,0,0,0,0,0,0,0,0,0,0,0,0,0,0,0,0,0,0,0,0,0,0,0,0,0,0,0,0,0,0,0,0,0,0,0,0,0,0,0,0,0,0,0,-0.110464151339217,0,0,0,0,0,0,0,0,-0.118597424071572,0,0,0.265255053542401,0,0,0,0,0,-0.182751615167475,0,0,-0.158528260465212,-0.393626334886572,-0.566540907882312,-0.244975625426261,-0.200530412921816,0,-0.161819776298736,0,0.122870065546771,0,0,0,0,-0.20689647060049,0,-0.133130844264235,0,0,0,0,-0.124038547007848,-0.124372209155751,0,0,0,-0.114935729049081,0.115195147401135,0
0,0,0,0,0,0,0,0,0,0,0,0,0,0,0,0,0,0,0,0,0,0,0,0,0,0,0,0,0,0,0,0,-0.108253894736082,0,0,0,0,0,0,0,0,0,0,0,0,0,0,0,0.106537371814576,0.0992358265623596,0,-0.145139452326043,0,-0.174020079119442,0,0,0.149625268826566,-0.114271155345165,0,0,-0.101704754548094,0.151521104533336,0,0,0.176552935376629,0,0,0,0,0,0.142967774485074,-0.172981634857709,0,-0.252206206099602,0.601056679285062,0.266184311969492,0,0.116064835636944,0,0,0,0,-0.270662496424072,-0.104314625977568,0,0,0,-0.142920709978829,0,-0.249892453184572,0.239751785579171,0,0,0,0,-0.12981523590439,0,-0.104651916288287,0
0,0,0,0,0,0,0,0,0,0,0,0,0,0,0,0,0,0,0,0,0,0,0,0,0,0,0,0,0,0,0,0,0,0,0,0,0,0,0,0,0,0,0,0,0,0,0,0,0,0,0,0,0,0,0,0,0,-0.109604773003818,-0.105060835631305,0,0,0,0,0.16479370974646,0,0,0,-0.204870784821761,-0.163141874147694,0.334761077959476,0,0.215938094083438,0,0.0994683422606977,0.280057988841075,-0.610230222826407,0,0,0,0.110039060205642,-0.152256125657194,-0.132103088811422,0,0.15874570180026,0.105324719885202,0,0,0,-0.130763464589008,-0.123039021311873,0,0,0,0,0,0.126660017065576,0,0,0.10598382381067
0,0,0,0,0,0,0,0,0,0,0,0,0,0,0,0,0,0,0,0,0,0,0,0,0,0,0,0,0,0.108024253201775,0,0,0,0,0,-0.103634481202032,0,0,0.149795438512,-0.137828311199299,-0.17562802678304,0.117884496348732,0,0,0.205264191442642,0,0,0,0.171846503257586,0,0,0,0,0,-0.228548239231937,0,0,0,-0.255612877490966,0,0,0.180326274920733,0,0,-0.125693205879399,0,0,0.176099098163409,0.299052108728586,0.155345323879644,0.360785133878269,-0.322243735530152,0.201476204926786,0,-0.1279105828579,-0.134324050926725,-0.540734074724106,0.339661448252101,-0.119799775113749,0,-0.167742647631536,0,0,0.130154367798431,-0.211667039362892,0,0.148902604563738,-0.424472813358246,-0.281019173058514,-0.180830128622358,0.156612764693076,0,0,0,0,0,0.127756033472111,-0.255193687208012,0.104742206879058
0,0,0,0,0,0,0,0,0,0,0,0,0,0,0,0,0,0,0,0,0,0,0,0,0,0,0,0,0,0.142873030602728,0,0,0,0,0,0,0,0,0.106325205570868,-0.108589310027227,0,0,0,0,0.134761254216288,0,0,0,0,0,0,-0.174805387614003,0.128297240784827,-0.138077511433455,-0.11014787977103,0.117035410129667,0,0,0,0.12125759948267,0.180540691094591,0,0.262601764374481,0.144863988346193,0,0,0,0,0.258210203953536,0,0.142030952217301,0,0.12645640127098,0.152529839219351,0.125485282676275,0,-0.37743414933375,-0.510115306790256,0,0,0.138572523469324,0.188483326397049,-0.244349296316893,0.164424036718221,0,0,0,0,-0.162610047129161,-0.114458233560968,0,0.130242100322982,0,0.127907544084834,0,0,0,0,0
0,0,0,0,0,0,0,0,0,0,0,0,0,0,0,0,0,0,0,0,0,0,0,0,0,0,0,0,0,0,0,0,0,0,0,0,0,0,0,0,0,0,0,0.104282795866852,0,0,0,0,0,0,0,0,0,0.120134609007797,0.107721141190707,0,0,0,-0.106127872707843,0,-0.122646601592617,-0.18735607391481,-0.138965124794837,0,0,-0.106477632611651,-0.142316131813272,0,-0.111523009253021,0,0,0.164496608231645,-0.168567603593478,0.112377413196757,0,0.177962262009018,0.159887720738758,0,-0.755677322457471,0.226741170309159,0,0.186470225743068,0.17763738042694,0,0,0,0.111635887338299,0.286636333023572,0,0,0,0,0,0,0,0,0,0,0
0,0,0,0,0,0,0,0,0,0,0,0,0,0,0,0,0,0,0,0,0,0,0,0,0,0,0,0,0,0,0,0,0,0,0,0,0,0,0,0,0,0,0,0,0,0,0,0,0,0,0,0,0,0,0,0,0,0,0,0,0,0.130178094178823,-0.144728024207435,0,0,0,0,0.329568662629859,-0.196706212120302,-0.108391087789898,0,0,-0.100779313645708,0,0,-0.138225730812656,0,0,-0.151219398493255,-0.676339150494115,0,0,-0.140926708424263,0.11453326345765,0,0,-0.251026070914592,0,0,0,0,0,-0.113429228916824,0,0,0,0,0,0
0,0,0,0,0,0,0,0,0,0,0,0,0,0,0,0,0,0,0,0,0,0,0,0,0,0,0,0,0,0,0,0,0,0,0,0,0,0,0,0,0,0,0,0,0,0,0,0,-0.143362026859749,0,0,0,0,0.145848131148765,0,0,0,0,0,0,0,-0.127157983184999,0,0,0.190268435549544,-0.135531962143708,-0.139170024422974,0,0,0,0,0,0,0,0,-0.204136729529303,0.125246326757355,0.211724983982286,0,0.108263502634288,0.772746046596819,0.18649491475033,0,-0.10752520436251,0.313818791174054,0.235291714024632,0,0.122954200160769,0.272475611547146,0,-0.154324086524921,0,-0.126371154427772,-0.120376536266429,0,0,0,0,0
0,0,0,0,0,0,0,0,0,0,0,0,0,0,0,0,0,0,0,0,0,0,0,0,0,0,0,0,0,0.121894448499836,0,0,0,0,0,0,0,0,0,-0.150953784513589,-0.179214599076918,0,0,0,0,0,0,0,0.130853165746466,0,0,0,0,0,-0.174211767723286,0,0,0,0,0,0,0.126774054807435,0,0,0.12240855840896,0.125809864203228,-0.143468816386447,-0.221915347189534,0,0,0,-0.136432066229187,0.135192620678241,0,-0.101671844358073,0.181846282545043,-0.189091031919572,-0.174864188339552,-0.136608053447812,0,0.152029103646434,-0.78479789394966,0,0,0,0,-0.107366182070334,-0.283922920011066,-0.153387593926807,0,0.100532716868928,0,0,0,0,0.101555201322203,0,0,0
0,0,0,0,0,0,0,0,0,0,0,0,0,0,0,0,0,0,0,0,0,0,0,0,0,0,0,0,0,0.104759741973794,0,0,0,0,0,0,0,0,0,0,0,0,0,0,0,0,0,0,0,0,0,0,0,0,0,0,0,0,0,0,0,0.14683481817753,0,0,0,0,0.13280059693453,-0.108832451791911,0,0,-0.125343056288629,0,0,0,-0.295420781341225,0,0,0.131215037531676,-0.132628645625942,0,-0.10524812244405,0,-0.808488056265704,0,0.102322058220079,0,0.232594899581122,-0.252369475624473,-0.110427209689845,0,0,0.232533004904572,0,0.166858729714927,0,0,0,0,0.112770047116723
0,0,0,0,0,0,0,0,0,0,0,0,0,0,0,0,0,0,0,0,0,0,0,0,0,0,0,0,0,0,0,0,0,0,0,0,0,0,0,0,0,0,0,0,0,0,0,0,0,0,0,0,0,0,0,0,0,0,0,0,0,0,0,0,0,0,0,0,0,0,0,0,0,0.138164338895809,0.133821545745737,0.104431489093441,0.166309052968588,0,0,0,0.141403527238285,0,-0.161472690915692,0.506572441818188,-0.60323779309252,0.188584827259604,0,-0.31462146547929,-0.125782506113775,0,0,0.287152135822466,0,0,0,0,0,-0.115745079360251,0
0,0,0,0,0,0,0,0,0,0,0,0,0,0,0,0,0,0,0,0,0,0,0,0,0,0,0,0,0.101113338716893,0.13982336188165,0,0,0,0,0,0,0.106245013148866,0,0,0,-0.135157066177006,0,0,0,0,0,0,0,0.120631811871913,0,0,-0.175168523936652,0.127248410999202,0,-0.113797546542033,0.128391974822127,0,0,0,0,0,0.105582073365295,0,0,-0.103235507178144,0.127719386652207,0,0,0.197490482626113,0,0.115762571657901,0,0.111865450346223,-0.224485185646052,-0.118937942629306,0.207871356346583,0,0,0.111123986964871,0,-0.193815423623712,-0.114431536564463,0,0.677713456854969,0.454485901338417,0.204346182271242,0,-0.309444638464144,-0.146942079109992,-0.101596644788119,0,0,0,0,-0.191235694362746,0,0,-0.229171550077643,0
0,0,0,0,0,0,0,0,0,0,0,0,0,0,0,0,0,0,0,0,0,0,0,0,0,0,0,0,0,0,0,0,0,0,0,0,0,0,0,0,0,0,0,0,0,0,0,0,0,0,0,0,0,-0.100595346711907,0,-0.11952840277984,0,0,0,0,0,0,0,0,0.167343463147892,0.133090757474249,0,-0.156836542485155,0,0.110517363330992,-0.119163608184795,0,0,0,0,0,0,0,0,-0.113022974985622,0.242779807717497,0,0.109146469027931,0.230860127634392,0,-0.629845559098849,0.422889318937706,0,0,-0.19400420048947,0,-0.105202290071684,0,-0.114015099152349,0,0,0,0,0
0,0,0,0,0,0,0,0,0,0,0,0,0,0,0,0,0,0,0,0,0,0,0,0,-0.105997877178731,0,0,0,0.109989974935239,0.174571259237148,0,0,0,0,0,0,0,0,0,-0.11500196378341,-0.100654588289947,0,0,0,0,0,0,0,0,0,0,0,0,0,-0.174936515661491,0,0,0,-0.14998593975673,0,0,0,0,0,0,0,0,0,0.121683390691736,0,0,-0.178293352710114,0,0,0,0.111886568952302,0.109201464333097,0.174911100041132,0.220349972197169,0.184273368965486,0,-0.107712422315398,-0.149095217129574,0.139919866964422,-0.215045093918007,-0.120659425205558,-0.330692291459268,0.40767202492018,-0.10367815082754,-0.191426572208273,0.109375405726383,0,0,0,0,0,0,0,0
0,0,0,0,0,0,0,0,0,0,0,0,0,0,0,0,0,0,0,0,0,0,0,0,0,0,0,0,0,-0.179250726097744,0,0,0,0,0,0,0,0,-0.101009830870612,0.138433674504264,0,0,0,0,0,-0.108003290767035,0,-0.102488715154941,0,0,0,0.148509385512786,0,0.0992031804662152,0.168543468120002,-0.148036773047449,0.119166696248777,0.115750513506803,0,-0.117457996502044,0,-0.195245617260996,0,0,0,0,0,0,0,0,0,0.139018067837188,0,0,0,0,0,0,0,0.207395340054072,0,0.146394297687503,0,0,0.141916013308593,-0.462758966849201,-0.617576116103213,-0.204015054817961,0.171413248548728,0,-0.211796418168696,-0.106622493634783,0,-0.122354467827506,0.135497402584215,0,0,0.118196127197788,-0.148382563151339
0,0,0,0,0,0,0,0,0,0,0,0,0,0,0,0,0,0,0,0,0,0,0,0,0,0,0,0,0,0,0,0,0,0,0,0,0,0,0.123094785095708,-0.119206075337573,0,0,0,0,0,0,0,0,0,0,0,0,0,0,0,0,0,0,-0.110126438425995,0,0,0,0,0,0,0,0,0,0,0,0,0,0,0,0,0,0,0,0.133450641825016,0,0.120773720714803,0,0,0,0,0,0,-0.182874859946431,-0.935067918574632,0,0.135647792010303,0,0,0,0,0,0,0,0
0,0,0,0,0,0,0,0,0,0,0,0,0,0,0,0,0,0,0,0,0,0,0,0,0,0,0,0,0,0,0,0,0,0,0,0,0,0,-0.127526790048121,0.136886575318442,0,0,0,0,0,0,0,0,-0.110021951607181,0,0.114082629520478,0,0,0,0,0,0,0,0.167063970975383,0,0,0,0,0,0,0,0,0,-0.243269362241454,-0.119631537024012,0,0.211276086230373,0,0,-0.132358002673497,0,0,0,0,0,0,0,0,0,0,0.221028481060355,0,0.252122802305441,0,-0.719235650432436,0,-0.10890640591623,0,-0.135365917935905,0.100903531288643,0,0,0.108771623611073,0
0,0,0,0,0,0,0,0,0,0,0,0,0,0,0,0,0,0,0,0,0,0,0,0,0,0,0,0,0,0,0,0,0,0,0,0,0,0,0,0,0,0,0,0,0,0,0,0,0,0,0,0,0,0,0,0,0.148540207917787,0.120179002391151,0,0.120164502841651,0.118382001870717,0,0,0,0,0,0,0,0,0,0,0,-0.137648174129504,0,0.162889051430127,0,0,0.126208375447834,0,0,0,0,0,-0.180620257121627,0,0,0,0.143332684616958,0,0,-0.855482899303904,0,0,0.123251108053634,0,-0.124887801409366,0,0,0.101651215916161
0,0,0,0,0,0,0,0,0,0,0,0,0,0,0,0,0,0,0,0,0,0,0,0,0,0,0,0,0,0.137773212591861,0,0,0,0,0,0,0,0,0,-0.105342795639737,0,0,0,0,0,0,0,0,0,0,0,-0.159043142253022,0,0,-0.11850628751864,0.113127080840808,0,0,0,0,0,0.174075164888329,0,0,0,0,0,0,0,0,0,-0.175952287004548,0,-0.119543469184695,0,0,0,0,0,0,-0.10769037532091,-0.100315325927926,0.175469202061375,0,0.113142840672909,-0.146837169412498,0,-0.181612193754305,-0.179938080382947,0,0.117022172369849,0.904171672785004,0.123598099474682,0,0,0,0,0,0
0,0,0,0,0,0,0,0,0,0,0,0,0,0,0,0,0,0,0,0,0,0,0,0,0,0,0,0,0,0,0,0,0,0,0,0,0,0,0,-0.103650203921603,0,0,0,0,0,0,0,0,0.110152865459737,0,0,-0.150336076193238,0,0,0,0,0,0,0,0,0,0,0,0,0,0,0.100859944701409,-0.116483827543932,0,0,0,0,0.126461264012841,0,0,0.177790136912007,0,0,0,0,0,0,0,-0.1033239679754,0,0,0,0,0,-0.123267462727883,0.108896159497795,0.113968192851696,-0.857885033815758,0,0,0,0,-0.111417716655042,-0.114666167880206
0,0,0,0,0,0,0,0,0,0,0,0,0,0,0,0,0,0,0,0,0,0,0,0,0,-0.125194121858292,0,0,0.114382218744356,0.177688824367413,0,0,0,0,0,0,0,0,0.154684898236275,-0.136532710613133,-0.122149369645259,0.105313583140052,0,0,0,0,0,0,0,0,-0.1097767851636,-0.193535048479526,0,-0.13311056493898,-0.113762464699152,0.160457418538293,0,0,0,0,0,0.249796052394063,0,0,0,0,0,0,0,0,0,-0.259194329350702,0.152895404701751,0,0,0,0,-0.225757367940632,0,0,-0.11857177208975,0,-0.237763039054263,0,-0.137423798751072,0.10726861192022,0,-0.420126673011945,-0.191814148878079,0,0,0.157748762474244,0,-0.789047776797719,-0.119607319733501,0,0.1522881023434,-0.157265596354218,0.143233437817496
0,0,0,0,0,0,0,0,0,0,0,0,0,0,0,0,0,0,0,0,0,0,0,0,0,0,0,0,0,0.135005702887254,0,0,0,0,0,0,0,0,0.127072548849593,0,-0.122343816488153,0,0,0,0,0,0,0,0,0,0,0,0,0,0,0,0,0,0,0,0,0,0,0,0,0,0,0,0,0,0.109283848529705,-0.14936293206896,0,0,0,0,0,0,0,-0.111601118400595,0,0,0,0,0,-0.139959170271805,0,-0.149597337859167,0,-0.13068517879976,0.129187426127971,0,0,0,-0.927972141867822,0.121824078297684,0.104017615686024,-0.166229777209703,0.167927284767346
0,0,0,0,0,0,0,0,0,0,0,0,0,0,0,0,0,0,0,0,0,0,0,0,0,0,0,0,0,0,0,0,0,0,0,0,0,0,-0.103379231950725,0,0,0,0,0,0,0,0,0,0,0,0,0,0,0,0,0,0,0,0,0,0,0,0,0,0,0,0,0,0,0,0,0,0,0.14048156948939,0,0,0,0,0,0,0,0,0,0,0,0,0,0,0,0,0.104645915207831,0,-0.113269768678801,0,0,-0.885986369586673,0.205846526553336,0,0
0,0,0,0,0,0,0,0,0,0,0,0,0,0,0,0,0,0,0,0,0,0,0,0,0,0,0,0,0.10168064650691,0.178882841389011,0,0,0,0,0,0,0,0,0.10295568137377,-0.208555776939911,-0.113806491148823,0,0,0,0,0,0,0,0,0,0,-0.104015115440356,0,0,-0.15879702385521,0,0,-0.127873189642399,0,0,0,0.16013882456727,0,0,0,0,0,-0.122939799785922,0.147175011994816,0.117265823153771,0.134604031980519,-0.169684749064762,0,0.140273672192995,0,0,0,0,0,-0.107803932571615,0,0,0,0,-0.122905099005163,0,0,-0.427079006922984,-0.227406454690423,0,0.147918970439241,0.116927880576271,0,0,-0.161402390738955,-0.166498715331199,-0.857080671447503,0,0.107143427418627
0,0,0,0,0,0,0,0,0,0,0,0,0,0,0,0,0,0,0,0,0,0,0,0,0,0,0,0,0,0,0,0,0,0,0,0,0,0,0,0,0,0,0,0,0,0,0,0,0,0,0,0,0,0,0,0,0,0,0,0,0,0,0,0,0,0,0,0,0,0,-0.135226071056908,0,0,0,0,0,0,0,0,0,0,0,0,-0.133678402105782,0,0,0,0,0,0,0,0,0,0,0.101157467228049,0,-0.113924063256969,-0.914002069245567,0
0,0,0,0,0,0,0,0,0,0,0,0,0,0,0,0,0,0,0,0,0,0,0,0,0,0,0,0,0,0,0,0,0,0,0,0,0,0,0,0,0,0,0,0,0,0,0,0,0,0,0,0,0,0,0,0,0,0,0,0,0,0,0.109363721009218,0,0,0,0,0,0,0,0,0,0,0,0,0,0,0,0,0,0,0,0,0,0,0,-0.125796538692991,0.114388459907184,0.186477931311561,0,0,0,-0.136393346705491,0,0.208536103366801,0,0,0.103043753696597,0.887689266287369
0,0,0,0,0,0,0,0,0,0,0,0,0,0,0,0,0,0,0,0,0,0,0,0,0,0,0,0,0,0,0,0,0,0,0,0,0,0,0,0,0,0,0,0,0,0,0,0,0,0,0,0,0,0,0,0,0,0,0,0,0,0,0,0,0,0,0,0,0,0,0,0,0,0,0,0,0,0,0,0,0,0,0,0,0,0,0,0,0,0,0,0,0,0,0,0,0,0,0
0,0,0,0,0,0,0,0,0,0,0,0,0,0,0,0,0,0,0,0,0,0,0,0,0,0,0,0,0,0,0,0,0,0,0,0,0,0,0,0,0,0,0,0,0,0,0,0,0,0,0,0,0,0,0,0,0,0,0,0,0,0,0,0,0,0,0,0,0,0,0,0,0,0,0,0,0,0,0,0,0,0,0,0,0,0,0,0,0,0,0,0,0,0,0,0,0,0,0
0,0,0,0,0,0,0,0,0,0,0,0,0,0,0,0,0,0,0,0,0,0,0,0,0,0,0,0,0,0,0,0,0,0,0,0,0,0,0,0,0,0,0,0,0,0,0,0,0,0,0,0,0,0,0,0,0,0,0,0,0,0,0,0,0,0,0,0,0,0,0,0,0,0,0,0,0,0,0,0,0,0,0,0,0,0,0,0,0,0,0,0,0,0,0,0,0,0,0
0,0,0,0,0,0,0,0,0,0,0,0,0,0,0,0,0,0,0,0,0,0,0,0,0,0,0,0,0,0,0,0,0,0,0,0,0,0,0,0,0,0,0,0,0,0,0,0,0,0,0,0,0,0,0,0,0,0,0,0,0,0,0,0,0,0,0,0,0,0,0,0,0,0,0,0,0,0,0,0,0,0,0,0,0,0,0,0,0,0,0,0,0,0,0,0,0,0,0
0,0,0,0,0,0,0,0,0,0,0,0,0,0,0,0,0,0,0,0,0,0,0,0,0,0,0,0,0,0,0,0,0,0,0,0,0,0,0,0,0,0,0,0,0,0,0,0,0,0,0,0,0,0,0,0,0,0,0,0,0,0,0,0,0,0,0,0,0,0,0,0,0,0,0,0,0,0,0,0,0,0,0,0,0,0,0,0,0,0,0,0,0,0,0,0,0,0,0
0,0,0,0,0,0,0,0,0,0,0,0,0,0,0,0,0,0,0,0,0,0,0,0,0,0,0,0,0,0,0,0,0,0,0,0,0,0,0,0,0,0,0,0,0,0,0,0,0,0,0,0,0,0,0,0,0,0,0,0,0,0,0,0,0,0,0,0,0,0,0,0,0,0,0,0,0,0,0,0,0,0,0,0,0,0,0,0,0,0,0,0,0,0,0,0,0,0,0
0,0,0,0,0,0,0,0,0,0,0,0,0,0,0,0,0,0,0,0,0,0,0,0,0,0,0,0,0,0,0,0,0,0,0,0,0,0,0,0,0,0,0,0,0,0,0,0,0,0,0,0,0,0,0,0,0,0,0,0,0,0,0,0,0,0,0,0,0,0,0,0,0,0,0,0,0,0,0,0,0,0,0,0,0,0,0,0,0,0,0,0,0,0,0,0,0,0,0
0,0,0,0,0,0,0,0,0,0,0,0,0,0,0,0,0,0,0,0,0,0,0,0,0,0,0,0,0,0,0,0,0,0,0,0,0,0,0,0,0,0,0,0,0,0,0,0,0,0,0,0,0,0,0,0,0,0,0,0,0,0,0,0,0,0,0,0,0,0,0,0,0,0,0,0,0,0,0,0,0,0,0,0,0,0,0,0,0,0,0,0,0,0,0,0,0,0,0
0,0,0,0,0,0,0,0,0,0,0,0,0,0,0,0,0,0,0,0,0,0,0,0,0,0,0,0,0,0,0,0,0,0,0,0,0,0,0,0,0,0,0,0,0,0,0,0,0,0,0,0,0,0,0,0,0,0,0,0,0,0,0,0,0,0,0,0,0,0,0,0,0,0,0,0,0,0,0,0,0,0,0,0,0,0,0,0,0,0,0,0,0,0,0,0,0,0,0
0,0,0,0,0,0,0,0,0,0,0,0,0,0,0,0,0,0,0,0,0,0,0,0,0,0,0,0,0,0,0,0,0,0,0,0,0,0,0,0,0,0,0,0,0,0,0,0,0,0,0,0,0,0,0,0,0,0,0,0,0,0,0,0,0,0,0,0,0,0,0,0,0,0,0,0,0,0,0,0,0,0,0,0,0,0,0,0,0,0,0,0,0,0,0,0,0,0,0
0,0,0,0,0,0,0,0,0,0,0,0,0,0,0,0,0,0,0,0,0,0,0,0,0,0,0,0,0,0,0,0,0,0,0,0,0,0,0,0,0,0,0,0,0,0,0,0,0,0,0,0,0,0,0,0,0,0,0,0,0,0,0,0,0,0,0,0,0,0,0,0,0,0,0,0,0,0,0,0,0,0,0,0,0,0,0,0,0,0,0,0,0,0,0,0,0,0,0
0,0,0,0,0,0,0,0,0,0,0,0,0,0,0,0,0,0,0,0,0,0,0,0,0,0,0,0,0,0,0,0,0,0,0,0,0,0,0,0,0,0,0,0,0,0,0,0,0,0,0,0,0,0,0,0,0,0,0,0,0,0,0,0,0,0,0,0,0,0,0,0,0,0,0,0,0,0,0,0,0,0,0,0,0,0,0,0,0,0,0,0,0,0,0,0,0,0,0
0,0,0,0,0,0,0,0,0,0,0,0,0,0,0,0,0,0,0,0,0,0,0,0,0,0,0,0,0,0,0,0,0,0,0,0,0,0,0,0,0,0,0,0,0,0,0,0,0,0,0,0,0,0,0,0,0,0,0,0,0,0,0,0,0,0,0,0,0,0,0,0,0,0,0,0,0,0,0,0,0,0,0,0,0,0,0,0,0,0,0,0,0,0,0,0,0,0,0
0,0,0,0,0,0,0,0,0,0,0,0,0,0,0,0,0,0,0,0,0,0,0,0,0,0,0,0,0,0,0,0,0,0,0,0,0,0,0,0,0,0,0,0,0,0,0,0,0,0,0,0,0,0,0,0,0,0,0,0,0,0,0,0,0,0,0,0,0,0,0,0,0,0,0,0,0,0,0,0,0,0,0,0,0,0,0,0,0,0,0,0,0,0,0,0,0,0,0
0,0,0,0,0,0,0,0,0,0,0,0,0,0,0,0,0,0,0,0,0,0,0,0,0,0,0,0,0,0,0,0,0,0,0,0,0,0,0,0,0,0,0,0,0,0,0,0,0,0,0,0,0,0,0,0,0,0,0,0,0,0,0,0,0,0,0,0,0,0,0,0,0,0,0,0,0,0,0,0,0,0,0,0,0,0,0,0,0,0,0,0,0,0,0,0,0,0,0
0,0,0,0,0,0,0,0,0,0,0,0,0,0,0,0,0,0,0,0,0,0,0,0,0,0,0,0,0,0,0,0,0,0,0,0,0,0,0,0,0,0,0,0,0,0,0,0,0,0,0,0,0,0,0,0,0,0,0,0,0,0,0,0,0,0,0,0,0,0,0,0,0,0,0,0,0,0,0,0,0,0,0,0,0,0,0,0,0,0,0,0,0,0,0,0,0,0,0
0,0,0,0,0,0,0,0,0,0,0,0,0,0,0,0,0,0,0,0,0,0,0,0,0,0,0,0,0,0,0,0,0,0,0,0,0,0,0,0,0,0,0,0,0,0,0,0,0,0,0,0,0,0,0,0,0,0,0,0,0,0,0,0,0,0,0,0,0,0,0,0,0,0,0,0,0,0,0,0,0,0,0,0,0,0,0,0,0,0,0,0,0,0,0,0,0,0,0
0,0,0,0,0,0,0,0,0,0,0,0,0,0,0,0,0,0,0,0,0,0,0,0,0,0,0,0,0,0,0,0,0,0,0,0,0,0,0,0,0,0,0,0,0,0,0,0,0,0,0,0,0,0,0,0,0,0,0,0,0,0,0,0,0,0,0,0,0,0,0,0,0,0,0,0,0,0,0,0,0,0,0,0,0,0,0,0,0,0,0,0,0,0,0,0,0,0,0
0,0,0,0,0,0,0,0,0,0,0,0,0,0,0,0,0,0,0,0,0,0,0,0,0,0,0,0,0,0,0,0,0,0,0,0,0,0,0,0,0,0,0,0,0,0,0,0,0,0,0,0,0,0,0,0,0,0,0,0,0,0,0,0,0,0,0,0,0,0,0,0,0,0,0,0,0,0,0,0,0,0,0,0,0,0,0,0,0,0,0,0,0,0,0,0,0,0,0
0,0,0,0,0,0,0,0,0,0,0,0,0,0,0,0,0,0,0,0,0,0,0,0,0,0,0,0,0,0,0,0,0,0,0,0,0,0,0,0,0,0,0,0,0,0,0,0,0,0,0,0,0,0,0,0,0,0,0,0,0,0,0,0,0,0,0,0,0,0,0,0,0,0,0,0,0,0,0,0,0,0,0,0,0,0,0,0,0,0,0,0,0,0,0,0,0,0,0
0,0,0,0,0,0,0,0,0,0,0,0,0,0,0,0,0,0,0,0,0,0,0,0,0,0,0,0,0,0,0,0,0,0,0,0,0,0,0,0,0,0,0,0,0,0,0,0,0,0,0,0,0,0,0,0,0,0,0,0,0,0,0,0,0,0,0,0,0,0,0,0,0,0,0,0,0,0,0,0,0,0,0,0,0,0,0,0,0,0,0,0,0,0,0,0,0,0,0
0,0,0,0,0,0,0,0,0,0,0,0,0,0,0,0,0,0,0,0,0,0,0,0,0,0,0,0,0,0,0,0,0,0,0,0,0,0,0,0,0,0,0,0,0,0,0,0,0,0,0,0,0,0,0,0,0,0,0,0,0,0,0,0,0,0,0,0,0,0,0,0,0,0,0,0,0,0,0,0,0,0,0,0,0,0,0,0,0,0,0,0,0,0,0,0,0,0,0
0,0,0,0,0,0,0,0,0,0,0,0,0,0,0,0,0,0,0,0,0,0,0,0,0,0,0,0,0,0,0,0,0,0,0,0,0,0,0,0,0,0,0,0,0,0,0,0,0,0,0,0,0,0,0,0,0,0,0,0,0,0,0,0,0,0,0,0,0,0,0,0,0,0,0,0,0,0,0,0,0,0,0,0,0,0,0,0,0,0,0,0,0,0,0,0,0,0,0
0,0,0,0,0,0,0,0,0,0,0,0,0,0,0,0,0,0,0,0,0,0,0,0,0,0,0,0,0,0,0,0,0,0,0,0,0,0,0,0,0,0,0,0,0,0,0,0,0,0,0,0,0,0,0,0,0,0,0,0,0,0,0,0,0,0,0,0,0,0,0,0,0,0,0,0,0,0,0,0,0,0,0,0,0,0,0,0,0,0,0,0,0,0,0,0,0,0,0
0,0,0,0,0,0,0,0,0,0,0,0,0,0,0,0,0,0,0,0,0,0,0,0,0,0,0,0,0,0,0,0,0,0,0,0,0,0,0,0,0,0,0,0,0,0,0,0,0,0,0,0,0,0,0,0,0,0,0,0,0,0,0,0,0,0,0,0,0,0,0,0,0,0,0,0,0,0,0,0,0,0,0,0,0,0,0,0,0,0,0,0,0,0,0,0,0,0,0
0,0,0,0,0,0,0,0,0,0,0,0,0,0,0,0,0,0,0,0,0,0,0,0,0,0,0,0,0,0,0,0,0,0,0,0,0,0,0,0,0,0,0,0,0,0,0,0,0,0,0,0,0,0,0,0,0,0,0,0,0,0,0,0,0,0,0,0,0,0,0,0,0,0,0,0,0,0,0,0,0,0,0,0,0,0,0,0,0,0,0,0,0,0,0,0,0,0,0
0,0,0,0,0,0,0,0,0,0,0,0,0,0,0,0,0,0,0,0,0,0,0,0,0,0,0,0,0,0,0,0,0,0,0,0,0,0,0,0,0,0,0,0,0,0,0,0,0,0,0,0,0,0,0,0,0,0,0,0,0,0,0,0,0,0,0,0,0,0,0,0,0,0,0,0,0,0,0,0,0,0,0,0,0,0,0,0,0,0,0,0,0,0,0,0,0,0,0
0,0,0,0,0,0,0,0,0,0,0,0,0,0,0,0,0,0,0,0,0,0,0,0,0,0,0,0,0,0,0,0,0,0,0,0,0,0,0,0,0,0,0,0,0,0,0,0,0,0,0,0,0,0,0,0,0,0,0,0,0,0,0,0,0,0,0,0,0,0,0,0,0,0,0,0,0,0,0,0,0,0,0,0,0,0,0,0,0,0,0,0,0,0,0,0,0,0,0
0,0,0,0,0,0,0,0,0,0,0,0,0,0,0,0,0,0,0,0,0,0,0,0,0,0,0,0,0,0,0,0,0,0,0,0,0,0,0,0,0,0,0,0,0,0,0,0,0,0,0,0,0,0,0,0,0,0,0,0,0,0,0,0,0,0,0,0,0,0,0,0,0,0,0,0,0,0,0,0,0,0,0,0,0,0,0,0,0,0,0,0,0,0,0,0,0,0,0
0,0,0,0,0,0,0,0,0,0,0,0,0,0,0,0,0,0,0,0,0,0,0,0,0,0,0,0,0,0,0,0,0,0,0,0,0,0,0,0,0,0,0,0,0,0,0,0,0,0,0,0,0,0,0,0,0,0,0,0,0,0,0,0,0,0,0,0,0,0,0,0,0,0,0,0,0,0,0,0,0,0,0,0,0,0,0,0,0,0,0,0,0,0,0,0,0,0,0
0,0,0,0,0,0,0,0,0,0,0,0,0,0,0,0,0,0,0,0,0,0,0,0,0,0,0,0,0,0,0,0,0,0,0,0,0,0,0,0,0,0,0,0,0,0,0,0,0,0,0,0,0,0,0,0,0,0,0,0,0,0,0,0,0,0,0,0,0,0,0,0,0,0,0,0,0,0,0,0,0,0,0,0,0,0,0,0,0,0,0,0,0,0,0,0,0,0,0
0,0,0,0,0,0,0,0,0,0,0,0,0,0,0,0,0,0,0,0,0,0,0,0,0,0,0,0,0,0,0,0,0,0,0,0,0,0,0,0,0,0,0,0,0,0,0,0,0,0,0,0,0,0,0,0,0,0,0,0,0,0,0,0,0,0,0,0,0,0,0,0,0,0,0,0,0,0,0,0,0,0,0,0,0,0,0,0,0,0,0,0,0,0,0,0,0,0,0
0,0,0,0,0,0,0,0,0,0,0,0,0,0,0,0,0,0,0,0,0,0,0,0,0,0,0,0,0,0,0,0,0,0,0,0,0,0,0,0,0,0,0,0,0,0,0,0,0,0,0,0,0,0,0,0,0,0,0,0,0,0,0,0,0,0,0,0,0,0,0,0,0,0,0,0,0,0,0,0,0,0,0,0,0,0,0,0,0,0,0,0,0,0,0,0,0,0,0
0,0,0,0,0,0,0,0,0,0,0,0,0,0,0,0,0,0,0,0,0,0,0,0,0,0,0,0,0,0,0,0,0,0,0,0,0,0,0,0,0,0,0,0,0,0,0,0,0,0,0,0,0,0,0,0,0,0,0,0,0,0,0,0,0,0,0,0,0,0,0,0,0,0,0,0,0,0,0,0,0,0,0,0,0,0,0,0,0,0,0,0,0,0,0,0,0,0,0
0,0,0,0,0,0,0,0,0,0,0,0,0,0,0,0,0,0,0,0,0,0,0,0,0,0,0,0,0,0,0,0,0,0,0,0,0,0,0,0,0,0,0,0,0,0,0,0,0,0,0,0,0,0,0,0,0,0,0,0,0,0,0,0,0,0,0,0,0,0,0,0,0,0,0,0,0,0,0,0,0,0,0,0,0,0,0,0,0,0,0,0,0,0,0,0,0,0,0
0,0,0,0,0,0,0,0,0,0,0,0,0,0,0,0,0,0,0,0,0,0,0,0,0,0,0,0,0,0,0,0,0,0,0,0,0,0,0,0,0,0,0,0,0,0,0,0,0,0,0,0,0,0,0,0,0,0,0,0,0,0,0,0,0,0,0,0,0,0,0,0,0,0,0,0,0,0,0,0,0,0,0,0,0,0,0,0,0,0,0,0,0,0,0,0,0,0,0
0,0,0,0,0,0,0,0,0,0,0,0,0,0,0,0,0,0,0,0,0,0,0,0,0,0,0,0,0,0,0,0,0,0,0,0,0,0,0,0,0,0,0,0,0,0,0,0,0,0,0,0,0,0,0,0,0,0,0,0,0,0,0,0,0,0,0,0,0,0,0,0,0,0,0,0,0,0,0,0,0,0,0,0,0,0,0,0,0,0,0,0,0,0,0,0,0,0,0
0,0,0,0,0,0,0,0,0,0,0,0,0,0,0,0,0,0,0,0,0,0,0,0,0,0,0,0,0,0,0,0,0,0,0,0,0,0,0,0,0,0,0,0,0,0,0,0,0,0,0,0,0,0,0,0,0,0,0,0,0,0,0,0,0,0,0,0,0,0,0,0,0,0,0,0,0,0,0,0,0,0,0,0,0,0,0,0,0,0,0,0,0,0,0,0,0,0,0
0,0,0,0,0,0,0,0,0,0,0,0,0,0,0,0,0,0,0,0,0,0,0,0,0,0,0,0,0,0,0,0,0,0,0,0,0,0,0,0,0,0,0,0,0,0,0,0,0,0,0,0,0,0,0,0,0,0,0,0,0,0,0,0,0,0,0,0,0,0,0,0,0,0,0,0,0,0,0,0,0,0,0,0,0,0,0,0,0,0,0,0,0,0,0,0,0,0,0
0,0,0,0,0,0,0,0,0,0,0,0,0,0,0,0,0,0,0,0,0,0,0,0,0,0,0,0,0,0,0,0,0,0,0,0,0,0,0,0,0,0,0,0,0,0,0,0,0,0,0,0,0,0,0,0,0,0,0,0,0,0,0,0,0,0,0,0,0,0,0,0,0,0,0,0,0,0,0,0,0,0,0,0,0,0,0,0,0,0,0,0,0,0,0,0,0,0,0
0,0,0,0,0,0,0,0,0,0,0,0,0,0,0,0,0,0,0,0,0,0,0,0,0,0,0,0,0,0,0,0,0,0,0,0,0,0,0,0,0,0,0,0,0,0,0,0,0,0,0,0,0,0,0,0,0,0,0,0,0,0,0,0,0,0,0,0,0,0,0,0,0,0,0,0,0,0,0,0,0,0,0,0,0,0,0,0,0,0,0,0,0,0,0,0,0,0,0
0,0,0,0,0,0,0,0,0,0,0,0,0,0,0,0,0,0,0,0,0,0,0,0,0,0,0,0,0,0,0,0,0,0,0,0,0,0,0,0,0,0,0,0,0,0,0,0,0,0,0,0,0,0,0,0,0,0,0,0,0,0,0,0,0,0,0,0,0,0,0,0,0,0,0,0,0,0,0,0,0,0,0,0,0,0,0,0,0,0,0,0,0,0,0,0,0,0,0
0,0,0,0,0,0,0,0,0,0,0,0,0,0,0,0,0,0,0,0,0,0,0,0,0,0,0,0,0,0,0,0,0,0,0,0,0,0,0,0,0,0,0,0,0,0,0,0,0,0,0,0,0,0,0,0,0,0,0,0,0,0,0,0,0,0,0,0,0,0,0,0,0,0,0,0,0,0,0,0,0,0,0,0,0,0,0,0,0,0,0,0,0,0,0,0,0,0,0
0,0,0,0,0,0,0,0,0,0,0,0,0,0,0,0,0,0,0,0,0,0,0,0,0,0,0,0,0,0,0,0,0,0,0,0,0,0,0,0,0,0,0,0,0,0,0,0,0,0,0,0,0,0,0,0,0,0,0,0,0,0,0,0,0,0,0,0,0,0,0,0,0,0,0,0,0,0,0,0,0,0,0,0,0,0,0,0,0,0,0,0,0,0,0,0,0,0,0
0,0,0,0,0,0,0,0,0,0,0,0,0,0,0,0,0,0,0,0,0,0,0,0,0,0,0,0,0,0,0,0,0,0,0,0,0,0,0,0,0,0,0,0,0,0,0,0,0,0,0,0,0,0,0,0,0,0,0,0,0,0,0,0,0,0,0,0,0,0,0,0,0,0,0,0,0,0,0,0,0,0,0,0,0,0,0,0,0,0,0,0,0,0,0,0,0,0,0
0,0,0,0,0,0,0,0,0,0,0,0,0,0,0,0,0,0,0,0,0,0,0,0,0,0,0,0,0,0,0,0,0,0,0,0,0,0,0,0,0,0,0,0,0,0,0,0,0,0,0,0,0,0,0,0,0,0,0,0,0,0,0,0,0,0,0,0,0,0,0,0,0,0,0,0,0,0,0,0,0,0,0,0,0,0,0,0,0,0,0,0,0,0,0,0,0,0,0
0,0,0,0,0,0,0,0,0,0,0,0,0,0,0,0,0,0,0,0,0,0,0,0,0,0,0,0,0,0,0,0,0,0,0,0,0,0,0,0,0,0,0,0,0,0,0,0,0,0,0,0,0,0,0,0,0,0,0,0,0,0,0,0,0,0,0,0,0,0,0,0,0,0,0,0,0,0,0,0,0,0,0,0,0,0,0,0,0,0,0,0,0,0,0,0,0,0,0
0,0,0,0,0,0,0,0,0,0,0,0,0,0,0,0,0,0,0,0,0,0,0,0,0,0,0,0,0,0,0,0,0,0,0,0,0,0,0,0,0,0,0,0,0,0,0,0,0,0,0,0,0,0,0,0,0,0,0,0,0,0,0,0,0,0,0,0,0,0,0,0,0,0,0,0,0,0,0,0,0,0,0,0,0,0,0,0,0,0,0,0,0,0,0,0,0,0,0
0,0,0,0,0,0,0,0,0,0,0,0,0,0,0,0,0,0,0,0,0,0,0,0,0,0,0,0,0,0,0,0,0,0,0,0,0,0,0,0,0,0,0,0,0,0,0,0,0,0,0,0,0,0,0,0,0,0,0,0,0,0,0,0,0,0,0,0,0,0,0,0,0,0,0,0,0,0,0,0,0,0,0,0,0,0,0,0,0,0,0,0,0,0,0,0,0,0,0
0,0,0,0,0,0,0,0,0,0,0,0,0,0,0,0,0,0,0,0,0,0,0,0,0,0,0,0,0,0,0,0,0,0,0,0,0,0,0,0,0,0,0,0,0,0,0,0,0,0,0,0,0,0,0,0,0,0,0,0,0,0,0,0,0,0,0,0,0,0,0,0,0,0,0,0,0,0,0,0,0,0,0,0,0,0,0,0,0,0,0,0,0,0,0,0,0,0,0
0,0,0,0,0,0,0,0,0,0,0,0,0,0,0,0,0,0,0,0,0,0,0,0,0,0,0,0,0,0,0,0,0,0,0,0,0,0,0,0,0,0,0,0,0,0,0,0,0,0,0,0,0,0,0,0,0,0,0,0,0,0,0,0,0,0,0,0,0,0,0,0,0,0,0,0,0,0,0,0,0,0,0,0,0,0,0,0,0,0,0,0,0,0,0,0,0,0,0
0,0,0,0,0,0,0,0,0,0,0,0,0,0,0,0,0,0,0,0,0,0,0,0,0,0,0,0,0,0,0,0,0,0,0,0,0,0,0,0,0,0,0,0,0,0,0,0,0,0,0,0,0,0,0,0,0,0,0,0,0,0,0,0,0,0,0,0,0,0,0,0,0,0,0,0,0,0,0,0,0,0,0,0,0,0,0,0,0,0,0,0,0,0,0,0,0,0,0
0,0,-0.13619164509949,-0.196966576152377,0.228014047436045,-0.172220701364553,-0.290931863321915,0.101158308333514,0.252529344942827,0.9551047853179,0.302176977134674,-0.515545518533983,-0.263846535576272,0.226230298766629,0.157732381805183,0.352987582639607,0.460105644364889,-1.55179933599057,-1.85023070967844,-0.780550631953551,-2.15814609951166,0.493438110495765,0.458468495269389,-1.66989118905784,-1.89145389128646,-2.50247798876442,-0.37995313352269,-0.502158612377053,3.38345156289288,5.43102767915632,-0.802938396781639,-1.29835715681887,1.54581313689453,0.725761934555612,1.03808611672095,-0.693669209647677,2.00493877681765,0.360188324422379,3.44290334248569,-4.14410955922511,-4.42726099292048,2.00116814281046,0,-0.676124518903439,2.14572754243967,0.26086123512418,-0.678322049375025,0.66627546821145,4.05864205837406,-1.37612947401507,-1.5783265803303,-4.0256589327006,2.23738823231935,-2.50938700795322,-5.15394678243616,2.81083732854699,-1.38053163183411,-3.21550269991833,-2.82657964418717,-0.345066659147635,0.359577131501708,6.13937187964212,-1.3291473594121,-1.66319243093033,-1.53387688058766,3.15429403845877,1.04839432356101,-1.90416874510413,3.67373137197556,1.72709032597421,3.82808308890621,-5.79318274677668,3.2076890154689,0,-1.60772603720583,0.617722079665753,-0.597147397375696,-2.59076127148856,1.82345883080957,-3.48218564569989,-2.16640614218172,-1.52132983269175,-2.67038797987401,1.31595444513266,-2.87661879320182,1.03848985168415,1.71323496853097,-12.6290867516577,-6.35017866355271,-4.34142660475718,3.69211035801119,4.41924938577757,2.21615796287642,3.08121090429471,-2.4778793517575,0.116064614582792,1.77128361191892,-5.01865477242215,2.08329342553348
0,0,0.136238473945174,0.196975246750777,-0.228032236907633,0.172236278545305,0.290945424919876,-0.101161103930734,-0.252543305844597,-0.955149291395814,-0.302195633962361,0.515589101231929,0.263858665081262,-0.226258025006972,-0.157752626924446,-0.353007084083445,-0.460122665919893,1.55188008297146,1.85034342370841,0.780593201737105,2.15828173952393,-0.493471901038522,-0.458510192202743,1.67001039074042,1.89156661109154,2.50259538388748,0.379962939139922,0.502172870662223,-3.38363046765098,-5.43130591180129,0.802987894227812,1.29835005532401,-1.54592534968315,-0.725737819411796,-1.03816142859283,0.693758179488655,-2.00502326011353,-0.36019941800416,-3.44314099493674,4.14438045617135,4.42752851032448,-2.00132237828905,0,0.676094048556399,-2.14579592011272,-0.260976480493018,0.678422681734299,-0.666260853618972,-4.05888725997362,1.37626236396566,1.57837319168505,4.02599488931967,-2.23754053810243,2.50951898560461,5.15425500303832,-2.81099856823705,1.38065176411952,3.21570511836918,2.82676173370716,0.345043164523981,-0.35967298961631,-6.13986217616459,1.32922212747687,1.66335889525616,1.53401001678694,-3.15450398581781,-1.04845436263724,1.90428804026096,-3.67393950731829,-1.727199347836,-3.8282793514112,5.79357106762204,-3.20788384097937,0,1.60784202985319,-0.617735674308932,0.597136831678761,2.59090566025667,-1.82355533527034,3.48237165423337,2.16651519407304,1.52143202796151,2.67053937115795,-1.31603859299279,2.87678025343155,-1.03853952475659,-1.71331753687468,12.6298738018141,6.35059460963316,4.34168408047934,-3.69235657972952,-4.41949036263657,-2.21629384696152,-3.08140683504723,2.47803217085911,-0.116049481302329,-1.77139080854227,5.01897622480413,-2.08340277092894
0,0,0,0,0,0,0,0,0,0,0,0,0,0,0,0,0,0,0,0,0,0,0,0,0,0,0,0,0,0,0,0,0,0,0,0,0,0,0,0,0,0,0,0,0,0,0,0,0,0,0,0,0,0,0,0,0,0,0,0,0,0,0,0,0,0,0,0,0,0,0,0,0,0,0,0,0,0,0,0,0,0,0,0,0,0,0,0,0,0,0,0,0,0,0,0,0,0,0
0,0,0,0,0,0,0,0,0,0,0,0,0,0,0,0,0,0,0,0,0,0,0,0,0,0,0,0,0,0,0,0,0,0,0,0,0,0,0,0,0,0,0,0,0,0,0,0,0,0,0,0,0,0,0,0,0,0,0,0,0,0,0,0,0,0,0,0,0,0,0,0,0,0,0,0,0,0,0,0,0,0,0,0,0,0,0,0,0,0,0,0,0,0,0,0,0,0,0
0,0,0,0,0,0,0,0,0,0,0,0,0,0,0,0,0,0,0,0,0,0,0,0,0,0,0,0,0,0,0,0,0,0,0,0,0,0,0,0,0,0,0,0,0,0,0,0,0,0,0,0,0,0,0,0,0,0,0,0,0,0,0,0,0,0,0,0,0,0,0,0,0,0,0,0,0,0,0,0,0,0,0,0,0,0,0,0,0,0,0,0,0,0,0,0,0,0,0
0,0,0,0,0,0,0,0,0,0,0,0,0,0,0,0,0,0,0,0,0,0,0,0,0,0,0,0,0,0,0,0,0,0,0,0,0,0,0,0,0,0,0,0,0,0,0,0,0,0,0,0,0,0,0,0,0,0,0,0,0,0,0,0,0,0,0,0,0,0,0,0,0,0,0,0,0,0,0,0,0,0,0,0,0,0,0,0,0,0,0,0,0,0,0,0,0,0,0
0,0,0,0,0,0,0,0,0,0,0,0,0,0,0,0,0,0,0,0,0,0,0,0,0,0,0,0,0,0,0,0,0,0,0,0,0,0,0,0,0,0,0,0,0,0,0,0,0,0,0,0,0,0,0,0,0,0,0,0,0,0,0,0,0,0,0,0,0,0,0,0,0,0,0,0,0,0,0,0,0,0,0,0,0,0,0,0,0,0,0,0,0,0,0,0,0,0,0
0,0,0,0,0,0,0,0,0,0,0,0,0,0,0,0,0,0,0,0,0,0,0,0,0,0,0,0,0,0,0,0,0,0,0,0,0,0,0,0,0,0,0,0,0,0,0,0,0,0,0,0,0,0,0,0,0,0,0,0,0,0,0,0,0,0,0,0,0,0,0,0,0,0,0,0,0,0,0,0,0,0,0,0,0,0,0,0,0,0,0,0,0,0,0,0,0,0,0
0,0,0,0,0,0,0,0,0,0,0,0,0,0,0,0,0,0,0,0,0,0,0,0,0,0,0,0,0,0,0,0,0,0,0,0,0,0,0,0,0,0,0,0,0,0,0,0,0,0,0,0,0,0,0,0,0,0,0,0,0,0,0,0,0,0,0,0,0,0,0,0,0,0,0,0,0,0,0,0,0,0,0,0,0,0,0,0,0,0,0,0,0,0,0,0,0,0,0
0,0,0,0,0,0,0,0,0,0,0,0,0,0,0,0,0,0,0,0,0,0,0,0,0,0,0,0,0,0,0,0,0,0,0,0,0,0,0,0,0,0,0,0,0,0,0,0,0,0,0,0,0,0,0,0,0,0,0,0,0,0,0,0,0,0,0,0,0,0,0,0,0,0,0,0,0,0,0,0,0,0,0,0,0,0,0,0,0,0,0,0,0,0,0,0,0,0,0
0,0,0,0,0,0,0,0,0,0,0,0,0,0,0,0,0,0,0,0,0,0,0,0,0,0,0,0,0,0,0,0,0,0,0,0,0,0,0,0,0,0,0,0,0,0,0,0,0,0,0,0,0,0,0,0,0,0,0,0,0,0,0,0,0,0,0,0,0,0,0,0,0,0,0,0,0,0,0,0,0,0,0,0,0,0,0,0,0,0,0,0,0,0,0,0,0,0,0
0,0,0,0,0,0,0,0,0,0,0,0,0,0,0,0,0,0,0,0,0,0,0,0,0,0,0,0,0,0,0,0,0,0,0,0,0,0,0,0,0,0,0,0,0,0,0,0,0,0,0,0,0,0,0,0,0,0,0,0,0,0,0,0,0,0,0,0,0,0,0,0,0,0,0,0,0,0,0,0,0,0,0,0,0,0,0,0,0,0,0,0,0,0,0,0,0,0,0
0,0,0,0,0,0,0,0,0,0,0,0,0,0,0,0,0,0,0,0,0,0,0,0,0,0,0,0,0,0,0,0,0,0,0,0,0,0,0,0,0,0,0,0,0,0,0,0,0,0,0,0,0,0,0,0,0,0,0,0,0,0,0,0,0,0,0,0,0,0,0,0,0,0,0,0,0,0,0,0,0,0,0,0,0,0,0,0,0,0,0,0,0,0,0,0,0,0,0
0,0,0,0,0,0,0,0,0,0,0,0,0,0,0,0,0,0,0,0,0,0,0,0,0,0,0,0,0,0,0,0,0,0,0,0,0,0,0,0,0,0,0,0,0,0,0,0,0,0,0,0,0,0,0,0,0,0,0,0,0,0,0,0,0,0,0,0,0,0,0,0,0,0,0,0,0,0,0,0,0,0,0,0,0,0,0,0,0,0,0,0,0,0,0,0,0,0,0
0,0,0,0,0,0,0,0,0,0,0,0,0,0,0,0,0,0,0,0,0,0,0,0,0,0,0,0,0,0,0,0,0,0,0,0,0,0,0,0,0,0,0,0,0,0,0,0,0,0,0,0,0,0,0,0,0,0,0,0,0,0,0,0,0,0,0,0,0,0,0,0,0,0,0,0,0,0,0,0,0,0,0,0,0,0,0,0,0,0,0,0,0,0,0,0,0,0,0
0,0,0,0,0,0,0,0,0,0,0,0,0,0,0,0,0,0,0,0,0,0,0,0,0,0,0,0,0,0,0,0,0,0,0,0,0,0,0,0,0,0,0,0,0,0,0,0,0,0,0,0,0,0,0,0,0,0,0,0,0,0,0,0,0,0,0,0,0,0,0,0,0,0,0,0,0,0,0,0,0,0,0,0,0,0,0,0,0,0,0,0,0,0,0,0,0,0,0
0,0,0,0,0,0,0,0,0,0,0,0,0,0,0,0,0,0,0,0,0,0,0,0,0,0,0,0,0,0,0,0,0,0,0,0,0,0,0,0,0,0,0,0,0,0,0,0,0,0,0,0,0,0,0,0,0,0,0,0,0,0,0,0,0,0,0,0,0,0,0,0,0,0,0,0,0,0,0,0,0,0,0,0,0,0,0,0,0,0,0,0,0,0,0,0,0,0,0
0,0,0,0,0,0,0,0,0,0,0,0,0,0,0,0,0,0,0,0,0,0,0,0,0,0,0,0,0,0,0,0,0,0,0,0,0,0,0,0,0,0,0,0,0,0,0,0,0,0,0,0,0,0,0,0,0,0,0,0,0,0,0,0,0,0,0,0,0,0,0,0,0,0,0,0,0,0,0,0,0,0,0,0,0,0,0,0,0,0,0,0,0,0,0,0,0,0,0
0,0,0,0,0,0,0,0,0,0,0,0,0,0,0,0,0,0,0,0,0,0,0,0,0,0,0,0,0,0,0,0,0,0,0,0,0,0,0,0,0,0,0,0,0,0,0,0,0,0,0,0,0,0,0,0,0,0,0,0,0,0,0,0,0,0,0,0,0,0,0,0,0,0,0,0,0,0,0,0,0,0,0,0,0,0,0,0,0,0,0,0,0,0,0,0,0,0,0
0,0,0,0,0,0,0,0,0,0,0,0,0,0,0,0,0,0,0,0,0,0,0,0,0,0,0,0,0,0,0,0,0,0,0,0,0,0,0,0,0,0,0,0,0,0,0,0,0,0,0,0,0,0,0,0,0,0,0,0,0,0,0,0,0,0,0,0,0,0,0,0,0,0,0,0,0,0,0,0,0,0,0,0,0,0,0,0,0,0,0,0,0,0,0,0,0,0,0
0,0,0,0,0,0,0,0,0,0,0,0,0,0,0,0,0,0,0,0,0,0,0,0,0,0,0,0,0,0,0,0,0,0,0,0,0,0,0,0,0,0,0,0,0,0,0,0,0,0,0,0,0,0,0,0,0,0,0,0,0,0,0,0,0,0,0,0,0,0,0,0,0,0,0,0,0,0,0,0,0,0,0,0,0,0,0,0,0,0,0,0,0,0,0,0,0,0,0
0,0,0,0,0,0,0,0,0,0,0,0,0,0,0,0,0,0,0,0,0,0,0,0,0,0,0,0,0,0,0,0,0,0,0,0,0,0,0,0,0,0,0,0,0,0,0,0,0,0,0,0,0,0,0,0,0,0,0,0,0,0,0,0,0,0,0,0,0,0,0,0,0,0,0,0,0,0,0,0,0,0,0,0,0,0,0,0,0,0,0,0,0,0,0,0,0,0,0
0,0,0,0,0,0,0,0,0,0,0,0,0,0,0,0,0,0,0,0,0,0,0,0,0,0,0,0,0,0,0,0,0,0,0,0,0,0,0,0,0,0,0,0,0,0,0,0,0,0,0,0,0,0,0,0,0,0,0,0,0,0,0,0,0,0,0,0,0,0,0,0,0,0,0,0,0,0,0,0,0,0,0,0,0,0,0,0,0,0,0,0,0,0,0,0,0,0,0
0,0,0,0,0,0,0,0,0,0,0,0,0,0,0,0,0,0,0,0,0,0,0,0,0,0,0,0,0,0,0,0,0,0,0,0,0,0,0,0,0,0,0,0,0,0,0,0,0,0,0,0,0,0,0,0,0,0,0,0,0,0,0,0,0,0,0,0,0,0,0,0,0,0,0,0,0,0,0,0,0,0,0,0,0,0,0,0,0,0,0,0,0,0,0,0,0,0,0
0,0,0,0,0,0,0,0,0,0,0,0,0,0,0,0,0,0,0,0,0,0,0,0,0,0,0,0,0,0,0,0,0,0,0,0,0,0,0,0,0,0,0,0,0,0,0,0,0,0,0,0,0,0,0,0,0,0,0,0,0,0,0,0,0,0,0,0,0,0,0,0,0,0,0,0,0,0,0,0,0,0,0,0,0,0,0,0,0,0,0,0,0,0,0,0,0,0,0
0,0,0,0,0,0,0,0,0,0,0,0,0,0,0,0,0,0,0,0,0,0,0,0,0,0,0,0,0,0,0,0,0,0,0,0,0,0,0,0,0,0,0,0,0,0,0,0,0,0,0,0,0,0,0,0,0,0,0,0,0,0,0,0,0,0,0,0,0,0,0,0,0,0,0,0,0,0,0,0,0,0,0,0,0,0,0,0,0,0,0,0,0,0,0,0,0,0,0
0,0,0,0,0,0,0,0,0,0,0,0,0,0,0,0,0,0,0,0,0,0,0,0,0,0,0,0,0,0,0,0,0,0,0,0,0,0,0,0,0,0,0,0,0,0,0,0,0,0,0,0,0,0,0,0,0,0,0,0,0,0,0,0,0,0,0,0,0,0,0,0,0,0,0,0,0,0,0,0,0,0,0,0,0,0,0,0,0,0,0,0,0,0,0,0,0,0,0
0,0,0,0,0,0,0,0,0,0,0,0,0,0,0,0,0,0,0,0,0,0,0,0,0,0,0,0,0,0,0,0,0,0,0,0,0,0,0,0,0,0,0,0,0,0,0,0,0,0,0,0,0,0,0,0,0,0,0,0,0,0,0,0,0,0,0,0,0,0,0,0,0,0,0,0,0,0,0,0,0,0,0,0,0,0,0,0,0,0,0,0,0,0,0,0,0,0,0
0,0,0,0,0,0,0,0,0,0,0,0,0,0,0,0,0,0,0,0,0,0,0,0,0,0,0,0,0,0,0,0,0,0,0,0,0,0,0,0,0,0,0,0,0,0,0,0,0,0,0,0,0,0,0,0,0,0,0,0,0,0,0,0,0,0,0,0,0,0,0,0,0,0,0,0,0,0,0,0,0,0,0,0,0,0,0,0,0,0,0,0,0,0,0,0,0,0,0
0,0,0,0,0,0,0,0,0,0,0,0,0,0,0,0,0,0,0,0,0,0,0,0,0,0,0,0,0,0,0,0,0,0,0,0,0,0,0,0,0,0,0,0,0,0,0,0,0,0,0,0,0,0,0,0,0,0,0,0,0,0,0,0,0,0,0,0,0,0,0,0,0,0,0,0,0,0,0,0,0,0,0,0,0,0,0,0,0,0,0,0,0,0,0,0,0,0,0
0,0,0,0,0,0,0,0,0,0,0,0,0,0,0,0,0,0,0,0,0,0,0,0,0,0,0,0,0,0,0,0,0,0,0,0,0,0,0,0,0,0,0,0,0,0,0,0,0,0,0,0,0,0,0,0,0,0,0,0,0,0,0,0,0,0,0,0,0,0,0,0,0,0,0,0,0,0,0,0,0,0,0,0,0,0,0,0,0,0,0,0,0,0,0,0,0,0,0
0,0,0,0,0,0,0,0,0,0,0,0,0,0,0,0,0,0,0,0,0,0,0,0,0,0,0,0,0,0,0,0,0,0,0,0,0,0,0,0,0,0,0,0,0,0,0,0,0,0,0,0,0,0,0,0,0,0,0,0,0,0,0,0,0,0,0,0,0,0,0,0,0,0,0,0,0,0,0,0,0,0,0,0,0,0,0,0,0,0,0,0,0,0,0,0,0,0,0
0,0,0,0,0,0,0,0,0,0,0,0,0,0,0,0,0,0,0,0,0,0,0,0,0,0,0,0,0,0,0,0,0,0,0,0,0,0,0,0,0,0,0,0,0,0,0,0,0,0,0,0,0,0,0,0,0,0,0,0,0,0,0,0,0,0,0,0,0,0,0,0,0,0,0,0,0,0,0,0,0,0,0,0,0,0,0,0,0,0,0,0,0,0,0,0,0,0,0
0,0,0,0,0,0,0,0,0,0,0,0,0,0,0,0,0,0,0,0,0,0,0,0,0,0,0,0,0,0,0,0,0,0,0,0,0,0,0,0,0,0,0,0,0,0,0,0,0,0,0,0,0,0,0,0,0,0,0,0,0,0,0,0,0,0,0,0,0,0,0,0,0,0,0,0,0,0,0,0,0,0,0,0,0,0,0,0,0,0,0,0,0,0,0,0,0,0,0
0,0,0,0,0,0,0,0,0,0,0,0,0,0,0,0,0,0,0,0,0,0,0,0,0,0,0,0,0,0,0,0,0,0,0,0,0,0,0,0,0,0,0,0,0,0,0,0,0,0,0,0,0,0,0,0,0,0,0,0,0,0,0,0,0,0,0,0,0,0,0,0,0,0,0,0,0,0,0,0,0,0,0,0,0,0,0,0,0,0,0,0,0,0,0,0,0,0,0
0,0,0,0,0,0,0,0,0,0,0,0,0,0,0,0,0,0,0,0,0,0,0,0,0,0,0,0,0,0,0,0,0,0,0,0,0,0,0,0,0,0,0,0,0,0,0,0,0,0,0,0,0,0,0,0,0,0,0,0,0,0,0,0,0,0,0,0,0,0,0,0,0,0,0,0,0,0,0,0,0,0,0,0,0,0,0,0,0,0,0,0,0,0,0,0,0,0,0
0,0,0,0,0,0,0,0,0,0,0,0,0,0,0,0,0,0,0,0,0,0,0,0,0,0,0,0,0,0,0,0,0,0,0,0,0,0,0,0,0,0,0,0,0,0,0,0,0,0,0,0,0,0,0,0,0,0,0,0,0,0,0,0,0,0,0,0,0,0,0,0,0,0,0,0,0,0,0,0,0,0,0,0,0,0,0,0,0,0,0,0,0,0,0,0,0,0,0
0,0,0,0,0,0,0,0,0,0,0,0,0,0,0,0,0,0,0,0,0,0,0,0,0,0,0,0,0,0,0,0,0,0,0,0,0,0,0,0,0,0,0,0,0,0,0,0,0,0,0,0,0,0,0,0,0,0,0,0,0,0,0,0,0,0,0,0,0,0,0,0,0,0,0,0,0,0,0,0,0,0,0,0,0,0,0,0,0,0,0,0,0,0,0,0,0,0,0
0,0,0,0,0,0,0,0,0,0,0,0,0,0,0,0,0,0,0,0,0,0,0,0,0,0,0,0,0,0,0,0,0,0,0,0,0,0,0,0,0,0,0,0,0,0,0,0,0,0,0,0,0,0,0,0,0,0,0,0,0,0,0,0,0,0,0,0,0,0,0,0,0,0,0,0,0,0,0,0,0,0,0,0,0,0,0,0,0,0,0,0,0,0,0,0,0,0,0
0,0,0,0,0,0,0,0,0,0,0,0,0,0,0,0,0,0,0,0,0,0,0,0,0,0,0,0,0,0,0,0,0,0,0,0,0,0,0,0,0,0,0,0,0,0,0,0,0,0,0,0,0,0,0,0,0,0,0,0,0,0,0,0,0,0,0,0,0,0,0,0,0,0,0,0,0,0,0,0,0,0,0,0,0,0,0,0,0,0,0,0,0,0,0,0,0,0,0
0,0,0,0,0,0,0,0,0,0,0,0,0,0,0,0,0,0,0,0,0,0,0,0,0,0,0,0,0,0,0,0,0,0,0,0,0,0,0,0,0,0,0,0,0,0,0,0,0,0,0,0,0,0,0,0,0,0,0,0,0,0,0,0,0,0,0,0,0,0,0,0,0,0,0,0,0,0,0,0,0,0,0,0,0,0,0,0,0,0,0,0,0,0,0,0,0,0,0
0,0,0,0,0,0,0,0,0,0,0,0,0,0,0,0,0,0,0,0,0,0,0,0,0,0,0,0,0,0,0,0,0,0,0,0,0,0,0,0,0,0,0,0,0,0,0,0,0,0,0,0,0,0,0,0,0,0,0,0,0,0,0,0,0,0,0,0,0,0,0,0,0,0,0,0,0,0,0,0,0,0,0,0,0,0,0,0,0,0,0,0,0,0,0,0,0,0,0
0,0,0,0,0,0,0,0,0,0,0,0,0,0,0,0,0,0,0,0,0,0,0,0,0,0,0,0,0,0,0,0,0,0,0,0,0,0,0,0,0,0,0,0,0,0,0,0,0,0,0,0,0,0,0,0,0,0,0,0,0,0,0,0,0,0,0,0,0,0,0,0,0,0,0,0,0,0,0,0,0,0,0,0,0,0,0,0,0,0,0,0,0,0,0,0,0,0,0
0,0,0,0,0,0,0,0,0,0,0,0,0,0,0,0,0,0,0,0,0,0,0,0,0,0,0,0,0,0,0,0,0,0,0,0,0,0,0,0,0,0,0,0,0,0,0,0,0,0,0,0,0,0,0,0,0,0,0,0,0,0,0,0,0,0,0,0,0,0,0,0,0,0,0,0,0,0,0,0,0,0,0,0,0,0,0,0,0,0,0,0,0,0,0,0,0,0,0
0,0,0,0,0,0,0,0,0,0,0,0,0,0,0,0,0,0,0,0,0,0,0,0,0,0,0,0,0,0,0,0,0,0,0,0,0,0,0,0,0,0,0,0,0,0,0,0,0,0,0,0,0,0,0,0,0,0,0,0,0,0,0,0,0,0,0,0,0,0,0,0,0,0,0,0,0,0,0,0,0,0,0,0,0,0,0,0,0,0,0,0,0,0,0,0,0,0,0
0,0,0,0,0,0,0,0,0,0,0,0,0,0,0,0,0,0,0,0,0,0,0,0,0,0,0,0,0,0,0,0,0,0,0,0,0,0,0,0,0,0,0,0,0,0,0,0,0,0,0,0,0,0,0,0,0,0,0,0,0,0,0,0,0,0,0,0,0,0,0,0,0,0,0,0,0,0,0,0,0,0,0,0,0,0,0,0,0,0,0,0,0,0,0,0,0,0,0
0,0,0,0,0,0,0,0,0,0,0,0,0,0,0,0,0,0,0,0,0,0,0,0,0,0,0,0,0,0,0,0,0,0,0,0,0,0,0,0,0,0,0,0,0,0,0,0,0,0,0,0,0,0,0,0,0,0,0,0,0,0,0,0,0,0,0,0,0,0,0,0,0,0,0,0,0,0,0,0,0,0,0,0,0,0,0,0,0,0,0,0,0,0,0,0,0,0,0
